-- phpMyAdmin SQL Dump
-- version 5.2.1
-- https://www.phpmyadmin.net/
--
-- Host: localhost
-- Tempo de geração: 07/08/2025 às 16:43
-- Versão do servidor: 10.4.32-MariaDB
-- Versão do PHP: 8.2.12

SET SQL_MODE = "NO_AUTO_VALUE_ON_ZERO";
START TRANSACTION;
SET time_zone = "+00:00";


/*!40101 SET @OLD_CHARACTER_SET_CLIENT=@@CHARACTER_SET_CLIENT */;
/*!40101 SET @OLD_CHARACTER_SET_RESULTS=@@CHARACTER_SET_RESULTS */;
/*!40101 SET @OLD_COLLATION_CONNECTION=@@COLLATION_CONNECTION */;
/*!40101 SET NAMES utf8mb4 */;

--
-- Banco de dados: `floss_capitais`
--
CREATE DATABASE IF NOT EXISTS `floss_capitais` DEFAULT CHARACTER SET utf8mb4 COLLATE utf8mb4_general_ci;
USE `floss_capitais`;

-- --------------------------------------------------------

--
-- Estrutura para tabela `categoria_software`
--

CREATE TABLE `categoria_software` (
  `codigo` int(11) NOT NULL,
  `nome` varchar(80) CHARACTER SET utf8 COLLATE utf8_unicode_ci NOT NULL
) ENGINE=InnoDB DEFAULT CHARSET=latin1 COLLATE=latin1_swedish_ci;

--
-- Despejando dados para a tabela `categoria_software`
--

INSERT INTO `categoria_software` (`codigo`, `nome`) VALUES
(1, 'Acessibilidade'),
(2, 'Acesso Remoto'),
(3, 'Administração de Sistemas Linux/Unix'),
(4, 'Agendamento de Reuniões'),
(5, 'Ambiente de Desenvolvimento'),
(6, 'Ambiente de Execução Javascript'),
(7, 'Análise de Dados'),
(8, 'Análise de Desempenho'),
(9, 'Análise de Tráfego de Rede'),
(10, 'Análise de Vídeo'),
(11, 'Análise de Vulnerabilidades'),
(12, 'Análise Textual'),
(13, 'Antivirus'),
(14, 'API Manager'),
(15, 'Aprendizado de Máquina'),
(16, 'Armazenamento de Objetos'),
(17, 'Armazenamento em Nuvem'),
(18, 'Arquivística'),
(19, 'Assinatura Digital'),
(20, 'Astronomia'),
(21, 'Auditoria'),
(22, 'Autenticação e Autorização'),
(23, 'Automação de Infraestrutura'),
(24, 'Automação de processos'),
(25, 'Avaliação Médica'),
(26, 'Backup'),
(27, 'Balanceamento de Carga'),
(28, 'Banco de Dados'),
(29, 'Blockchain'),
(30, 'BPMN'),
(31, 'Busca'),
(32, 'Business Intelligence'),
(33, 'Cache'),
(34, 'Calendário e Agenda'),
(35, 'Captura de Tela'),
(36, 'Circuito de TV'),
(37, 'Cliente de Banco de Dados'),
(38, 'Cliente de Controle de Versão'),
(39, 'Cliente de e-mail'),
(40, 'Cliente de LDAP'),
(41, 'Compactação de Arquivos'),
(42, 'Comparação de Arquivos'),
(43, 'Compartilhamento de Arquivos'),
(44, 'Compêndios'),
(45, 'Computação Distribuída'),
(47, 'Computação Numérica'),
(48, 'Container'),
(49, 'Controle de Chamados de Suporte'),
(50, 'Controle de Hospedagem'),
(51, 'Controle de Versão'),
(52, 'Crawler'),
(53, 'Criação de Portais Corporativos'),
(54, 'Criptografia'),
(55, 'Dashboard'),
(56, 'Data Analysys Expression'),
(57, 'Desenvolvimento de API'),
(58, 'Detecção de Intrusão'),
(59, 'DHCP'),
(60, 'Diagramação'),
(61, 'Diagramas'),
(62, 'Distribuição de Software'),
(63, 'DNS'),
(64, 'E-mail'),
(65, 'E-mail Marketing'),
(66, 'Edição 3D'),
(67, 'Edição de Áudio'),
(68, 'Edição de Imagens'),
(69, 'Editor de Texto'),
(70, 'Editor HTML WYSIWYG'),
(71, 'Emulação de Terminal'),
(72, 'Ensino de Programação'),
(73, 'Estatística'),
(74, 'Filtro de Conteúdo'),
(75, 'Firewall'),
(76, 'Forense Computacional'),
(77, 'Fóruns'),
(78, 'Fotografia Panorâmica'),
(79, 'Framework'),
(80, 'FTP'),
(81, 'Genética'),
(82, 'Geração de Gráficos'),
(83, 'Geração de Mapas'),
(84, 'Gerenciamento de Atendimento Presencial'),
(85, 'Gerenciamento de Coleções'),
(86, 'Gerenciamento de Coleções Biológicas'),
(87, 'Gerenciamento de Configuração'),
(88, 'Gerenciamento de Conteúdo'),
(89, 'Gerenciamento de Dados'),
(90, 'Gerenciamento de Dependências'),
(91, 'Gerenciamento de Distribuições Linux'),
(92, 'Gerenciamento de Documentos'),
(93, 'Gerenciamento de Endereços IP'),
(94, 'Gerenciamento de Identidade'),
(95, 'Gerenciamento de Periódicos'),
(96, 'Gerenciamento de Projetos'),
(97, 'Gerenciamento de Referências Bibliográficas'),
(98, 'Gerenciamento de Repositório'),
(99, 'Gerenciamento de Riscos'),
(100, 'Gerenciamento de Senhas'),
(101, 'Gerenciamento de Serviços'),
(102, 'Gerenciamento de Universidade'),
(103, 'Gestão de Aprendizagem'),
(104, 'Gestão de Conferências'),
(105, 'Gestão de Documentos'),
(106, 'Gestão do Planejamento Estratégico'),
(107, 'Gestão Escolar'),
(108, 'Gestão Integrada'),
(109, 'Gráfico de Rede'),
(110, 'Grafos'),
(111, 'Groupware'),
(112, 'Helpdesk'),
(113, 'IDE'),
(114, 'IMAP e POP3'),
(115, 'Impressão'),
(116, 'Indexação'),
(117, 'Informação Geográfica'),
(118, 'Inspeção de Código'),
(119, 'Integração com Windows'),
(120, 'Integração Contínua'),
(121, 'Navegador de Internet'),
(122, 'Inventário'),
(123, 'ITIL'),
(124, 'Kanban'),
(125, 'LaTeX'),
(126, 'LDAP'),
(127, 'Linguagem de Programação/Compilador'),
(128, 'Mapas Mentais'),
(129, 'Marketing'),
(130, 'Matemática'),
(131, 'Memorização'),
(132, 'Mensageria'),
(133, 'Metal as a Service'),
(134, 'Mineração de Dados'),
(135, 'Modelagem 3D'),
(136, 'Modelagem de Banco de Dados'),
(137, 'Modelagem de Processos'),
(138, 'Modelagem UML'),
(139, 'Monitoramento'),
(140, 'NTP'),
(141, 'Ontologia'),
(142, 'Ouvidoria'),
(143, 'Participação Social'),
(144, 'PDF'),
(145, 'Performance'),
(146, 'Plataforma de Nuvem'),
(147, 'Plataforma de Vídeo Online'),
(148, 'Preservação Digital'),
(149, 'Processamento de Imagens'),
(150, 'Prototipação de Interfaces com Usuário'),
(151, 'Push Notification'),
(152, 'Questionários'),
(153, 'Química Computacional'),
(154, 'Rastreamento de Tarefas'),
(155, 'Reconhecimento de Imagens'),
(156, 'Rede Virtual Privada'),
(157, 'Redes Sociais'),
(158, 'Relatórios'),
(159, 'Repositório de Arquivos'),
(160, 'Repositório de Periódicos'),
(161, 'Reprodução de Vídeo'),
(162, 'Saúde Pública'),
(163, 'Servidor de Aplicação Web'),
(164, 'Simulação de Eventos'),
(165, 'Simulação Veicular'),
(166, 'Sincronização de Arquivos'),
(167, 'Sistemas Operacionais'),
(168, 'SMTP'),
(169, 'Spam'),
(170, 'SSH e Telnet'),
(171, 'Streaming'),
(172, 'Suíte de Escritório'),
(173, 'Switch'),
(174, 'Testes'),
(175, 'Transcrição de Áudio'),
(176, 'Virtualização'),
(177, 'Visão Computacional'),
(178, 'Visualização de Dados'),
(179, 'Visualização de Documentos'),
(180, 'Visualização Molecular'),
(181, 'Visualizador DjVu'),
(182, 'VOIP'),
(183, 'Votação Online'),
(184, 'Webconferência'),
(185, 'Webmail'),
(186, 'Wiki'),
(187, 'Gerenciamento de Pacotes'),
(188, 'Gerenciamento de Downloads'),
(189, 'Conversor de Documentos'),
(190, 'ERP'),
(191, 'Fila'),
(192, 'Agropecuária'),
(193, 'Gerenciamento de Informação de Laboratório'),
(194, 'Cliente de Internet'),
(195, 'Edição de Vídeo'),
(196, 'GUI'),
(197, 'Data e hora'),
(198, 'Gravação de CD/DVD'),
(199, 'Criação de Disco de Boot'),
(200, 'Prevenção de LER/DORT'),
(201, 'Filtro de Entrada de Dados'),
(202, 'Recuperação de Disco'),
(203, 'Visualização de Processos'),
(204, 'Quebra de Senhas'),
(205, 'Text-To-Speech'),
(206, 'Registro de Candidaturas'),
(207, 'Criação de Legenda'),
(208, 'Limpeza do PC'),
(209, 'Impressao 3D'),
(210, 'Visualização de Imagens'),
(211, 'Arrecadação de Impostos'),
(212, 'Gerenciamento de Fontes'),
(213, 'Segurança de Transporte'),
(215, 'Processamento de Linguagem Natural'),
(216, 'Redes Neurais'),
(217, 'Gerenciamento de Nuvem'),
(218, 'Criação de Tutoriais'),
(219, 'Música'),
(220, 'Roteamento de Rede'),
(221, 'MOOC'),
(222, 'Simulação de Projetos'),
(223, 'Jogos'),
(224, 'Robótica'),
(225, 'Licitações'),
(226, 'Concursos'),
(227, 'Gestão de Crédito'),
(228, 'Orçamento Participativo'),
(229, 'Gestão de Refeitórios'),
(230, 'Gestão de Contratos'),
(231, 'Gestão de Plano de Saúde'),
(232, 'Gestão de Pessoas'),
(233, 'Animação'),
(234, 'Projeto de Circuitos Eletrônicos'),
(235, 'Emulação de Celular'),
(236, 'Engenharia'),
(237, 'Gestão de Bibliotecas'),
(238, 'Gestão Acadêmica'),
(239, 'Gerenciamento de Infraestrutura'),
(240, 'Experiência do Usuário'),
(241, 'Desconhecida'),
(242, 'HTTP'),
(243, 'CMM'),
(244, 'Biologia'),
(245, 'Gerenciamento de Eventos'),
(246, 'Educacional'),
(247, 'Barramento de Integração'),
(248, 'Migração'),
(249, 'Câmera'),
(250, 'CODEC'),
(251, 'Chatbot'),
(252, 'Microscópio'),
(253, 'Simulação de Processos'),
(254, 'Contabilidade'),
(255, 'Análise de Sistemas Elétricos'),
(256, 'Análise Marinha'),
(257, 'Gerenciamento de workflow'),
(258, 'Datawarehouse'),
(259, 'Gerenciamento de APIs'),
(260, 'Detecção de browser'),
(261, 'Datalakehouse'),
(262, 'Gestão de municípios'),
(263, 'LLM'),
(264, 'Metadados'),
(265, 'Low-code'),
(266, 'Bloqueio de conteúdo'),
(267, 'Suíte de segurança');

-- --------------------------------------------------------

--
-- Estrutura para tabela `licenca`
--

CREATE TABLE `licenca` (
  `codigo` int(11) NOT NULL,
  `nome` varchar(60) CHARACTER SET utf8 COLLATE utf8_unicode_ci NOT NULL,
  `livre` tinyint(1) NOT NULL DEFAULT 0
) ENGINE=InnoDB DEFAULT CHARSET=latin1 COLLATE=latin1_swedish_ci;

--
-- Despejando dados para a tabela `licenca`
--

INSERT INTO `licenca` (`codigo`, `nome`, `livre`) VALUES
(1, 'AFPL', 1),
(2, 'AGPL', 1),
(3, 'AGPL-3.0', 1),
(4, 'Amanda', 1),
(5, 'Anaconda', 1),
(6, 'Apache 2.0', 1),
(7, 'APL', 1),
(8, 'BSD', 1),
(9, 'BSD 2-Clause', 1),
(10, 'BSD 3-Clause', 1),
(11, 'CDDL', 1),
(12, 'Diversas Livres', 1),
(13, 'Domínio Público', 1),
(14, 'DSpace ', 1),
(15, 'Eclipse', 1),
(16, 'EUPL', 1),
(17, 'GPL', 1),
(18, 'GPL-2.0', 1),
(19, 'GPL-2.5', 1),
(20, 'GPL-3.0', 1),
(21, 'GPML', 1),
(22, 'ImageMagick', 1),
(23, 'ISC', 1),
(24, 'LaTeX', 1),
(25, 'Leptonica', 1),
(26, 'LGPL', 1),
(27, 'LGPL-2.0', 1),
(28, 'LGPL-2.1', 1),
(29, 'LGPL-3.0', 1),
(30, 'Microsoft Reciprocal License', 1),
(31, 'MIT', 1),
(32, 'MIT Expat License', 1),
(33, 'MPL', 1),
(34, 'MPL-2.0', 1),
(35, 'Não definida', 1),
(36, 'New BSD', 1),
(37, 'OCTLA', 1),
(38, 'OpenLDAP', 1),
(39, 'PHP-3.01', 1),
(40, 'PostgreSQL ', 1),
(41, 'PyMol', 1),
(42, 'Python', 1),
(43, 'SSPL-1.0', 1),
(44, 'UIUC', 1),
(45, 'Zend Framework', 1),
(46, 'zLIB', 1),
(47, 'ZPL', 1),
(48, 'Freeware', 0),
(49, 'Proprietária', 0),
(50, 'Windows License', 0),
(51, 'The Oracle Java License', 0),
(52, 'Red Hat', 0),
(53, 'Shareware', 0),
(80, 'Demoiselle Framework', 0),
(81, 'Sem licença', 0),
(82, 'PdfStream Dumper', 1),
(83, 'Software Público', 1),
(84, 'Coturn', 1),
(85, 'OpenResty', 1),
(87, 'x3270', 1),
(88, 'Artistic License', 1),
(89, 'UserFrosting', 1),
(90, 'IBM Public License', 1),
(91, 'Donationware', 0),
(92, 'PyTorch', 1),
(93, 'ASL', 1),
(94, 'Common Public License Version 1.0', 1),
(95, 'Source License', 1),
(96, 'Arachni Public Source License v1.0', 1),
(97, 'Creative Commons', 1),
(98, 'Academic Free License', 1),
(99, 'Django', 1),
(100, 'Descontinuado', 0),
(101, 'cocos2d', 1),
(102, 'WinPcap', 1),
(103, 'Haskell', 1),
(104, 'Docker Subscription Service Agreement', 0),
(105, 'LLAMA 2 COMMUNITY LICENSE AGREEMENT', 1),
(106, 'UPL-1.0 license ', 1),
(107, 'Putty', 1),
(108, 'WPScan Public Source License', 1);

-- --------------------------------------------------------

--
-- Estrutura para tabela `orgao`
--

CREATE TABLE `orgao` (
  `codigo` int(11) NOT NULL,
  `nome` varchar(80) CHARACTER SET utf8 COLLATE utf8_unicode_ci NOT NULL,
  `tipo_orgao` int(11) NOT NULL,
  `sigla` varchar(20) CHARACTER SET utf8 COLLATE utf8_unicode_ci NOT NULL,
  `desenvolveusl` tinyint(1) NOT NULL DEFAULT 0
) ENGINE=InnoDB DEFAULT CHARSET=latin1 COLLATE=latin1_swedish_ci;

--
-- Despejando dados para a tabela `orgao`
--

INSERT INTO `orgao` (`codigo`, `nome`, `tipo_orgao`, `sigla`, `desenvolveusl`) VALUES
(169, 'Rio Branco', 1, 'AC', 0),
(170, 'Maceió', 1, 'AL', 0),
(171, 'Manaus', 1, 'AM', 0),
(172, 'Macapá', 1, 'AP', 0),
(173, 'Salvador', 1, 'BA', 0),
(174, 'Fortaleza', 1, 'CE', 0),
(175, 'Brasília', 1, 'DF', 0),
(176, 'Vitória', 1, 'ES', 0),
(177, 'Goiânia', 1, 'GO', 0),
(178, 'São Luís', 1, 'MA', 0),
(179, 'Belo Horizonte', 1, 'MG', 0),
(180, 'Campo Grande', 1, 'MS', 0),
(181, 'Cuiabá', 1, 'MT', 0),
(182, 'Belém', 1, 'PA', 0),
(183, 'João Pessoa', 1, 'PB', 0),
(184, 'Curitiba', 1, 'PR', 0),
(185, 'Recife', 1, 'PE', 0),
(186, 'Teresina', 1, 'PI', 0),
(187, 'Rio de Janeiro', 1, 'RJ', 0),
(188, 'Natal', 1, 'RN', 0),
(189, 'Porto Velho', 1, 'RO', 0),
(190, 'Boa Vista', 1, 'Roraima', 0),
(191, 'Porto Alegre', 1, 'RS', 0),
(192, 'Florianópolis', 1, 'SC', 0),
(193, 'Aracaju', 1, 'SE', 0),
(194, 'São Paulo', 1, 'SP', 0),
(195, 'Palmas', 1, 'TO', 0);

-- --------------------------------------------------------

--
-- Estrutura para tabela `protocolo`
--

CREATE TABLE `protocolo` (
  `codigo` int(11) NOT NULL,
  `nome` varchar(80) CHARACTER SET utf8 COLLATE utf8_unicode_ci NOT NULL
) ENGINE=InnoDB DEFAULT CHARSET=latin1 COLLATE=latin1_swedish_ci;

--
-- Despejando dados para a tabela `protocolo`
--

INSERT INTO `protocolo` (`codigo`, `nome`) VALUES
(1, 'NFS – Network File System'),
(2, 'DNS – Domain Name System'),
(3, 'DHCP - Dynamic Host Configuration Protocol'),
(4, 'VPN – Virtual Private Network'),
(5, 'SMTP - Simple Mail Transfer Protocol'),
(6, 'CAS – Central Authentication Service'),
(7, 'RADIUS – Remote Authentication Dial In User Service'),
(8, 'SPF – Sender Policy Framework'),
(9, 'DKIM - DomainKeys Identified Mail'),
(10, 'WebStandards (HTML, CSS, Javascript, SVG, HTTP)'),
(11, 'TEX'),
(12, 'HTML – Hypertext Markup Language'),
(13, 'Javascript (implementação do ECMAScript)'),
(14, 'PWA (Progressive Web Application)'),
(15, 'OAuth'),
(16, 'Let\'s Encrypt');

-- --------------------------------------------------------

--
-- Estrutura para tabela `protocolo_orgao`
--

CREATE TABLE `protocolo_orgao` (
  `codigo_protocolo` int(11) NOT NULL,
  `codigo_orgao` int(11) NOT NULL
) ENGINE=InnoDB DEFAULT CHARSET=utf8 COLLATE=utf8_unicode_ci;

-- --------------------------------------------------------

--
-- Estrutura para tabela `software`
--

CREATE TABLE `software` (
  `codigo` int(11) NOT NULL,
  `nome` varchar(80) CHARACTER SET utf8 COLLATE utf8_unicode_ci NOT NULL,
  `codigo_categoria` int(11) NOT NULL,
  `website` varchar(180) CHARACTER SET utf8 COLLATE utf8_unicode_ci NOT NULL,
  `codigo_licenca` int(11) NOT NULL,
  `observacoes` varchar(255) CHARACTER SET utf8 COLLATE utf8_unicode_ci NOT NULL DEFAULT ''
) ENGINE=InnoDB DEFAULT CHARSET=latin1 COLLATE=latin1_swedish_ci;

--
-- Despejando dados para a tabela `software`
--

INSERT INTO `software` (`codigo`, `nome`, `codigo_categoria`, `website`, `codigo_licenca`, `observacoes`) VALUES
(1, '.NET Framework', 79, 'https://docs.microsoft.com/pt-br/dotnet/core/', 31, ''),
(2, '389 Directory Server', 126, 'https://directory.fedoraproject.org/', 20, ''),
(3, 'AeroGear', 151, 'https://aerogear.org/', 6, ''),
(4, 'Agatha', 99, 'https://softwarepublico.gov.br/social/agatha', 20, ''),
(5, 'Alfresco', 92, 'https://www.alfresco.com/', 29, ''),
(6, 'AliView', 178, 'https://ormbunkar.se/aliview/', 20, ''),
(7, 'Amanda Network Backup', 26, 'http://www.amanda.org/', 4, ''),
(8, 'Amavis', 74, 'https://www.amavis.org/', 17, ''),
(9, 'Anaconda', 73, 'https://www.anaconda.com/distribution/', 5, ''),
(10, 'Android Studio', 113, 'https://developer.android.com/studio', 6, ''),
(11, 'Angular', 79, 'https://angular.io/', 31, ''),
(12, 'Anki', 131, 'https://apps.ankiweb.net/', 3, ''),
(13, 'Ansible', 87, 'https://www.ansible.com/', 20, ''),
(14, 'Ant', 62, 'https://ant.apache.org/', 6, ''),
(15, 'Apache (HTTP Server)', 163, 'https://httpd.apache.org/', 6, ''),
(16, 'Apache Directory Studio', 126, 'https://directory.apache.org/studio/', 6, ''),
(17, 'Apache Solr', 31, 'https://lucene.apache.org/solr/', 6, ''),
(18, 'Apache SuperSet', 32, 'https://superset.apache.org/', 6, ''),
(19, 'Apache Tomcat', 163, 'http://tomcat.apache.org/', 6, ''),
(20, 'API Umbrella', 14, 'https://apiumbrella.io/', 31, ''),
(21, 'AppInventor', 113, 'https://github.com/mit-cml/appinventor-sources', 6, ''),
(22, 'Archiva', 98, 'https://archiva.apache.org/', 6, ''),
(23, 'Archivematica', 18, 'https://www.archivematica.org', 3, ''),
(24, 'ArgoUML', 138, 'http://www.argouml.tigris.org/', 8, ''),
(25, 'Ases', 1, 'https://softwarepublico.gov.br/social/ases', 18, ''),
(26, 'Assinador Digital Serpro', 19, 'https://github.com/demoiselle/signer', 29, ''),
(27, 'Asterisk', 182, 'https://www.asterisk.org/', 18, ''),
(28, 'AtoM', 18, 'https://www.accesstomemory.org', 3, ''),
(29, 'Audacity', 67, 'https://www.audacityteam.org/', 18, ''),
(30, 'AutoDock', 153, 'http://autodock.scripps.edu/', 17, ''),
(31, 'Autopsy', 76, 'https://www.sleuthkit.org/autopsy/', 6, ''),
(32, 'Avogadro', 153, 'https://avogadro.cc/', 18, ''),
(33, 'AWStats', 139, 'https://awstats.sourceforge.io/', 17, ''),
(34, 'AWX', 87, 'https://github.com/ansible/awx/', 6, ''),
(35, 'Bacula', 26, 'https://www.bacula.org/', 20, ''),
(36, 'Bareos', 26, 'https://www.bareos.org', 3, ''),
(37, 'BEAST', 153, 'https://beast.community/', 28, ''),
(38, 'BehaviorSearch', 73, 'http://www.behaviorsearch.org/', 8, ''),
(39, 'Big Blue Button', 184, 'https://bigbluebutton.org/', 81, ''),
(40, 'Bind9', 63, 'https://github.com/isc-projects/bind9', 33, ''),
(41, 'Blender', 66, 'https://www.blender.org/', 17, ''),
(42, 'Bluefish', 113, 'http://bluefish.openoffice.nl/index.html', 17, ''),
(43, 'Bonita', 24, 'https://www.bonitasoft.com/', 18, ''),
(44, 'Booked', 34, 'https://sourceforge.net/projects/phpscheduleit/', 20, ''),
(45, 'Bootstrap', 79, 'https://getbootstrap.com/', 31, ''),
(46, 'brModelo', 136, 'http://www.sis4.com/brModelo', 20, ''),
(47, 'BROffice', 172, 'https://pt-br.libreoffice.org/', 29, ''),
(48, 'Cacic', 122, 'https://softwarepublico.gov.br/social/cacic/', 18, ''),
(49, 'Cacti', 109, 'https://www.cacti.net', 18, ''),
(50, 'Calico', 48, 'https://www.projectcalico.org/', 6, ''),
(51, 'Camunda Modeler', 137, 'https://camunda.com/', 31, ''),
(52, 'CentOS', 167, 'https://www.centos.org/', 17, ''),
(53, 'CEPH', 45, 'https://ceph.io/', 29, ''),
(55, 'Checkstyle', 174, 'https://checkstyle.sourceforge.io/', 28, ''),
(56, 'Chromium', 121, 'https://chromium.googlesource.com/chromium/src', 8, ''),
(57, 'CKAN', 89, 'https://ckan.org/', 2, ''),
(58, 'Ckeditor', 69, 'https://ckeditor.com/', 17, ''),
(59, 'ClamAV', 13, 'https://www.clamav.net/', 17, ''),
(60, 'Clonezilla', 176, 'https://clonezilla.org/', 18, ''),
(61, 'CloudFoundry CLI', 146, 'https://github.com/cloudfoundry/cli', 6, ''),
(62, 'CMDBuild', 122, 'https://www.cmdbuild.org/', 2, ''),
(63, 'Cobertura', 174, 'https://github.com/cobertura/cobertura', 18, ''),
(64, 'COCAR', 139, 'https://softwarepublico.gov.br/social/cocar', 18, ''),
(65, 'Code::Blocks', 113, 'http://www.codeblocks.org/', 20, ''),
(66, 'CodeIgniter', 79, 'https://codeigniter.com/', 31, ''),
(67, 'Consel', 73, 'http://stat.sys.i.kyoto-u.ac.jp/prog/consel/', 18, ''),
(68, 'Continuum', 120, 'https://continuum.apache.org/', 6, ''),
(69, 'Cordova', 113, 'https://cordova.apache.org/', 6, ''),
(70, 'CoreOS', 48, 'http://coreos.com/', 6, ''),
(71, 'Courier IMAP', 114, 'https://www.courier-mta.org/imap/', 17, ''),
(72, 'Cucumber', 174, 'https://cucumber.io/', 31, ''),
(73, 'Cups', 115, 'https://www.cups.org/', 6, ''),
(74, 'CVS', 51, 'https://www.nongnu.org/cvs/', 17, ''),
(75, 'Cyrus', 114, 'https://www.cyrusimap.org/', 8, ''),
(76, 'DaxStudio', 56, 'https://daxstudio.org/', 30, ''),
(77, 'DBDesigner4', 136, 'https://fabforce.eu/dbdesigner4/', 17, ''),
(78, 'DBeaver ', 37, 'https://dbeaver.io/', 6, ''),
(79, 'Debian', 167, 'https://www.debian.org', 17, ''),
(80, 'Demoiselle', 79, 'https://www.frameworkdemoiselle.gov.br/', 29, ''),
(81, 'Demoiselle Behave', 174, 'https://github.com/demoiselle/behave', 20, ''),
(82, 'Derby', 28, 'https://db.apache.org/derby/', 6, ''),
(83, 'DevC++', 113, 'https://sourceforge.net/projects/orwelldevcpp/', 20, ''),
(84, 'DHCPD', 59, 'https://gitlab.isc.org/isc-projects/dhcp', 23, ''),
(85, 'Dia', 61, 'http://dia-installer.de/', 17, ''),
(86, 'Docker', 48, 'https://www.docker.com/', 6, ''),
(87, 'DokuWiki', 186, 'https://www.dokuwiki.org', 18, ''),
(88, 'Dovecot', 114, 'https://www.dovecot.org/', 31, ''),
(89, 'Draw.io', 61, 'https://github.com/jgraph/drawio', 6, ''),
(90, 'Drupal', 88, 'https://www.drupal.org/', 18, ''),
(91, 'DSpace ', 159, 'https://duraspace.org/dspace/', 14, ''),
(92, 'e-democracia ', 143, 'https://github.com/eDemocracia/edemocracia', 20, ''),
(93, 'Eclipse', 113, 'https://www.eclipse.org/', 15, ''),
(94, 'eGroupware', 111, 'https://www.egroupware.org', 18, ''),
(95, 'ElasticSearch', 28, 'https://www.elastic.co/pt/elasticsearch', 6, ''),
(96, 'Elastix', 182, 'https://www.elastix.org/', 19, ''),
(97, 'Epi Info', 162, 'https://www.cdc.gov/epiinfo/por/pt_index.html', 6, ''),
(98, 'Exim', 168, 'https://www.exim.org/', 17, ''),
(99, 'Expresso', 111, 'http://www.expressolivre.org/', 18, ''),
(100, 'ExpressoV3', 111, 'https://gitlab.com/expresso_livre/Expresso', 3, ''),
(101, 'Fail2Ban', 58, 'https://www.fail2ban.org', 18, ''),
(102, 'Fedora', 167, 'https://getfedora.org', 17, ''),
(103, 'Filezilla', 80, 'https://filezilla-project.org/', 18, ''),
(104, 'Firebird', 28, 'https://firebirdsql.org/', 33, ''),
(105, 'Firewall', 75, 'http://www.postfwd.org/', 8, ''),
(106, 'FluentBit', 139, 'https://fluentbit.io/', 6, ''),
(107, 'Flumotion', 171, 'http://www.flumotion.net/', 28, ''),
(108, 'Flutter', 113, 'https://flutter.dev', 36, ''),
(109, 'ForPDI/ForRisco', 102, 'https://github.com/forpdi', 6, ''),
(110, 'Free Pascal', 127, 'https://www.freepascal.org/', 17, ''),
(111, 'FreeBSD', 167, 'https://www.freebsd.org/', 8, ''),
(112, 'FreeCAD', 135, 'https://www.freecadweb.org/', 27, ''),
(113, 'FreeIPA', 94, 'https://www.freeipa.org', 20, ''),
(114, 'Freemind', 128, 'http://freemind.sourceforge.net', 18, ''),
(115, 'Freenas', 167, 'https://www.freenas.org/', 8, ''),
(116, 'FreePBX', 182, 'https://www.freepbx.org/', 17, ''),
(117, 'FreeRADIUS', 22, 'https://freeradius.org/', 17, ''),
(118, 'ftp.proxy', 80, 'http://www.ftpproxy.org/', 18, ''),
(119, 'Ganglia', 139, 'http://ganglia.sourceforge.net/', 8, ''),
(120, 'GanttProject', 96, 'https://www.ganttproject.biz', 20, ''),
(121, 'GCompris ', 103, 'https://gcompris.net', 17, ''),
(122, 'Geany', 113, 'https://www.geany.org/', 17, ''),
(123, 'Geogebra', 130, 'https://www.geogebra.org', 20, ''),
(124, 'Geonode', 117, 'http://geonode.org/', 20, ''),
(125, 'Gephi', 110, 'https://gephi.org/', 20, ''),
(126, 'GEPLANES', 106, 'https://softwarepublico.gov.br/social/geplanes/', 18, ''),
(127, 'GestióIP', 93, 'https://www.gestioip.net/', 20, ''),
(128, 'Ghostscript', 115, 'https://www.ghostscript.com/', 2, ''),
(129, 'Gibbon', 107, 'https://gibbonedu.org/', 20, ''),
(130, 'GIMP', 68, 'https://www.gimp.org/', 20, ''),
(131, 'GIT', 51, 'https://git-scm.com/', 18, ''),
(132, 'GitForWindows', 51, 'https://gitforwindows.org/', 18, ''),
(133, 'GitLab', 51, 'https://gitlab.com/gitlab-org/gitlab', 32, ''),
(134, 'GlassFish', 163, 'https://javaee.github.io/glassfish/', 11, ''),
(135, 'GLPi', 101, 'https://glpi-project.org/', 18, ''),
(136, 'GPWeb', 96, 'https://softwarepublico.gov.br/social/gpweb', 18, ''),
(137, 'GrADS', 117, 'http://cola.gmu.edu/grads/', 17, ''),
(138, 'Grafana', 139, 'https://grafana.com/', 6, ''),
(139, 'Grails', 79, 'https://grails.org/', 6, ''),
(140, 'GraphCalc', 130, 'https://github.com/Tookmund/graphcalc', 18, ''),
(141, 'Grass GIS', 117, 'https://grass.osgeo.org/', 18, ''),
(142, 'Gravitee', 14, 'https://gravitee.io/', 6, ''),
(143, 'Graylog', 139, 'https://www.graylog.org/', 20, ''),
(144, 'Greenshot', 35, 'https://getgreenshot.org/', 20, ''),
(145, 'Gretl', 73, 'http://gretl.sourceforge.net/', 17, ''),
(146, 'Groovy', 127, 'http://groovy-lang.org/', 6, ''),
(147, 'GSview ', 115, 'http://www.ghostgum.com.au/software/gsview.htm', 1, ''),
(148, 'Apache Hadoop', 45, 'https://hadoop.apache.org/', 6, ''),
(149, 'HAProxy', 27, 'http://www.haproxy.org/', 18, ''),
(150, 'Harbor', 45, 'https://github.com/goharbor/harbor', 6, ''),
(151, 'HBase ', 28, 'https://hbase.apache.org/', 6, ''),
(152, 'Helios', 183, 'https://heliosvoting.org/', 6, ''),
(153, 'Hibernate', 79, 'https://hibernate.org/', 28, ''),
(154, 'Horde', 111, 'https://www.horde.org/', 18, ''),
(155, 'Hugin', 78, 'http://hugin.sourceforge.net/', 18, ''),
(156, 'Hyperledger', 29, 'https://www.hyperledger.org/', 6, ''),
(157, 'i-Educar ', 107, 'https://ieducar.org/', 18, ''),
(158, 'i3Geo', 117, 'https://softwarepublico.gov.br/social/i3geo', 18, ''),
(159, 'Icecast', 171, 'http://icecast.org/', 18, ''),
(160, 'ILWIS', 117, 'https://github.com/52North/IlwisCore', 20, ''),
(161, 'ImageMagick', 68, 'https://imagemagick.org', 22, ''),
(162, 'Inkscape', 68, 'https://inkscape.org', 18, ''),
(163, 'IntelliJ Community', 113, 'https://github.com/JetBrains/intellij-community', 6, ''),
(164, 'Ionic', 79, 'https://ionicframework.com/', 31, ''),
(165, 'Iramuteq', 12, 'http://www.iramuteq.org/', 18, ''),
(166, 'IronPython', 113, 'https://ironpython.net/', 6, ''),
(167, 'ISC DHCP', 59, 'https://www.isc.org/dhcp/', 33, ''),
(168, 'ISETL', 130, 'https://www.swmath.org/software/1370', 31, ''),
(169, 'ISPConfig', 50, 'https://www.ispconfig.org/', 8, ''),
(170, 'Issabel', 182, 'https://www.issabel.com/', 17, ''),
(171, 'iTOP', 123, 'https://sourceforge.net/projects/itop/', 20, ''),
(172, 'JabRef', 97, 'https://www.jabref.org/', 31, ''),
(173, 'JAGS', 130, 'http://mcmc-jags.sourceforge.net/', 18, ''),
(174, 'Jasper iReport', 158, 'https://sourceforge.net/projects/ireport/', 2, ''),
(175, 'Java HotSpot', 127, 'https://www.oracle.com/technetwork/java/javase/tech/index-jsp-136373.html', 18, ''),
(176, 'Jbehave', 174, 'https://jbehave.org/', 10, ''),
(177, 'JBoss ', 163, 'https://developer.jboss.org', 26, ''),
(178, 'JBPM', 24, 'https://www.jbpm.org/', 6, ''),
(179, 'Jenkins', 120, 'https://jenkins.io/', 31, ''),
(180, 'Jitsi', 184, 'https://jitsi.org/', 6, ''),
(181, 'JMeter ', 145, 'https://jmeter.apache.org/', 6, ''),
(182, 'JModelTest ', 153, 'https://github.com/ddarriba/jmodeltest2', 20, ''),
(183, 'JODConverter', 144, 'https://github.com/sbraconnier/jodconverter/', 6, ''),
(184, 'Joomla', 88, 'https://www.joomla.org/', 18, ''),
(185, 'jQuery ', 79, 'https://jquery.com/', 31, ''),
(186, 'JSF', 79, 'https://github.com/javaserverfaces/mojarra', 11, ''),
(187, 'Julia', 127, 'https://julialang.org/', 31, ''),
(188, 'jUnit', 174, 'https://junit.org', 15, ''),
(189, 'Jython', 127, 'https://www.jython.org/', 42, ''),
(190, 'Kaltura', 147, 'https://github.com/kaltura', 3, ''),
(191, 'Kanboard', 96, 'https://github.com/kanboard/kanboard', 31, ''),
(192, 'KeePas', 100, 'https://keepass.info/', 18, ''),
(193, 'Kerberos', 22, 'http://www.kerberos.org/software/', 8, ''),
(194, 'Keycloak', 94, 'https://www.keycloak.org/', 6, ''),
(195, 'Kibana', 55, 'https://www.elastic.co/pt/kibana', 6, ''),
(196, 'Knime', 134, 'https://www.knime.com/', 17, ''),
(197, 'Kompozer', 70, 'https://sourceforge.net/projects/kompozer/', 27, ''),
(198, 'Kubernetes', 48, 'https://kubernetes.io', 6, ''),
(199, 'KVM', 176, 'https://www.linux-kvm.org', 26, ''),
(200, 'Lamarc', 81, 'http://evolution.genetics.washington.edu/lamarc/index.html', 6, ''),
(201, 'Laravel', 79, 'https://laravel.com/', 31, ''),
(202, 'LaTeX', 125, 'https://www.latex-project.org/', 24, ''),
(203, 'Leptonica', 149, 'http://www.leptonica.org/', 25, ''),
(204, 'LibreOffice', 172, 'https://pt-br.libreoffice.org/', 29, ''),
(205, 'Liferay', 88, 'https://github.com/liferay/liferay-portal', 18, ''),
(206, 'Lighttpd', 163, 'https://www.lighttpd.net/', 10, ''),
(207, 'Limesurvey', 152, 'https://www.limesurvey.org', 18, ''),
(208, 'Linux', 167, 'https://www.kernel.org/', 18, ''),
(209, 'Linux Virtual Server', 27, 'http://www.linuxvirtualserver.org/', 17, ''),
(210, 'LOCKSS', 148, 'https://www.lockss.org/', 10, ''),
(211, 'Log4J', 139, 'https://logging.apache.org/log4j/2.x/', 6, ''),
(212, 'LogAnalyzer', 139, 'https://github.com/pbek/loganalyzer', 18, ''),
(213, 'Logstash', 139, 'https://www.elastic.co/pt/logstash', 6, ''),
(214, 'LVS', 27, 'http://www.linuxvirtualserver.org/', 17, ''),
(215, 'MAAS', 133, 'https://maas.io/', 3, ''),
(216, 'Mailman', 64, 'https://www.list.org/', 20, ''),
(217, 'Manjaro', 167, 'https://manjaro.org/', 17, ''),
(218, 'Mantis Bug Tracker', 154, 'https://www.mantisbt.org/', 18, ''),
(219, 'Marathon', 48, 'https://mesosphere.github.io/marathon/', 6, ''),
(220, 'MariaDB', 28, 'https://mariadb.org/', 26, ''),
(221, 'Mautic', 129, 'https://www.mautic.org/', 17, ''),
(222, 'Maven', 90, 'https://maven.apache.org/', 6, ''),
(223, 'Maxima', 47, 'http://maxima.sourceforge.net/', 17, ''),
(224, 'MConf ', 184, 'http://mconf.org/', 3, ''),
(225, 'Mediawiki', 186, 'https://www.mediawiki.org', 12, ''),
(226, 'Meld', 42, 'https://meldmerge.org/', 18, ''),
(227, 'Memcached', 33, 'https://memcached.org/', 8, ''),
(228, 'Metabase', 32, 'https://www.metabase.com/', 3, ''),
(229, 'MetalLB', 27, 'https://metallb.universe.tf/', 6, ''),
(230, 'MiKTeX', 1, 'https://miktex.org/', 17, ''),
(231, 'Mint', 167, 'https://www.linuxmint.com/', 17, ''),
(232, 'MongoDB', 28, 'https://www.mongodb.com/', 43, ''),
(233, 'Moodle', 221, 'https://moodle.org', 20, ''),
(234, 'Mozilla Firefox', 121, 'https://www.mozilla.org/pt-BR/firefox', 33, ''),
(235, 'Mozilla Thunderbird', 39, 'https://www.thunderbird.net', 33, ''),
(236, 'mpdf', 144, 'https://mpdf.github.io/', 18, ''),
(237, 'MrBayes', 73, 'http://nbisweden.github.io/MrBayes/', 20, ''),
(238, 'MRBS', 4, 'https://mrbs.sourceforge.io/', 17, ''),
(239, 'MRTG', 109, 'https://oss.oetiker.ch/mrtg', 17, ''),
(240, 'MySQL', 28, 'https://www.mysql.com/', 18, ''),
(241, 'MySQL Workbench', 136, 'https://www.mysql.com/products/workbench/', 18, ''),
(242, 'Nagios', 139, 'https://www.nagios.org/', 17, ''),
(243, 'Netbeans', 113, 'https://netbeans.org/', 11, ''),
(244, 'NetBox', 93, 'https://github.com/netbox-community/netbox', 6, ''),
(245, 'Nextcloud', 17, 'https://nextcloud.com/', 2, ''),
(246, 'Nexus', 98, 'https://github.com/sonatype/nexus-public', 15, ''),
(247, 'NfSen', 109, 'http://nfsen.sourceforge.net/', 8, ''),
(248, 'Nginx', 163, 'https://www.nginx.com/', 8, ''),
(249, 'Nmap', 11, 'https://nmap.org/', 18, ''),
(250, 'Node.JS', 6, 'https://nodejs.org', 31, ''),
(251, 'Noosfero', 157, 'https://softwarepublico.gov.br/social/noosferogov', 3, ''),
(252, 'Notepad++', 113, 'https://notepad-plus-plus.org', 17, ''),
(253, 'Notepadqq', 69, 'https://notepadqq.com', 20, ''),
(254, 'Nutch', 52, 'http://nutch.apache.org/', 6, ''),
(255, 'NVDA', 1, 'https://www.nvaccess.org/', 18, ''),
(256, 'Oasis', 96, 'https://softwarepublico.gov.br/social/oasis', 18, ''),
(257, 'Ocomon', 112, 'http://ocomonphp.sourceforge.net/', 18, ''),
(258, 'OCS Inventory', 122, 'https://github.com/OCSInventory-NG/OCSInventory-Server', 18, ''),
(259, 'Octave', 47, 'https://www.gnu.org/software/octave/', 17, ''),
(260, 'Okular', 179, 'https://okular.kde.org/', 18, ''),
(261, 'Omeka', 85, 'https://omeka.org/', 17, ''),
(262, 'OMNeT++', 164, 'https://omnetpp.org/', 7, ''),
(263, 'Onsen UI', 79, 'https://onsen.io/', 6, ''),
(264, 'Open Broadcaster Software – OBS', 171, 'https://obsproject.com/pt-br', 18, ''),
(265, 'Open Conference Systems – OCS', 104, 'https://pkp.sfu.ca/ocs/', 18, ''),
(266, 'Open Journal Systems – OJS', 95, 'https://pkp.sfu.ca/ojs/', 20, ''),
(267, 'Open vSwitch', 173, 'https://www.openvswitch.org/', 6, ''),
(268, 'OpenAM', 94, 'https://github.com/OpenIdentityPlatform/OpenAM', 11, ''),
(269, 'OpenCMS', 88, 'http://www.opencms.org', 26, ''),
(270, 'OpenCV', 177, 'https://github.com/opencv/opencv', 10, ''),
(271, 'Openfire', 132, 'https://www.igniterealtime.org/projects/openfire/', 6, ''),
(272, 'OpenFTP', 80, 'https://github.com/axtux/openFTP', 20, ''),
(273, 'OpenJDK', 163, 'https://openjdk.java.net/', 37, ''),
(274, 'OpenLayers', 83, 'https://openlayers.org/', 9, ''),
(275, 'OpenLDAP', 126, 'https://www.openldap.org/', 38, ''),
(276, 'Openmediavault', 16, 'https://www.openmediavault.org/', 20, ''),
(277, 'Openmeetings', 184, 'https://openmeetings.apache.org/', 6, ''),
(278, 'OpenNTPD', 140, 'http://www.openntpd.org/', 8, ''),
(279, 'OpenOffice', 172, 'http://www.openoffice.org', 6, ''),
(280, 'OpenProject ', 96, 'https://www.openproject.org/', 20, ''),
(281, 'Openser', 2, 'https://www.voip-info.org/openser/', 17, ''),
(282, 'OpenShift', 48, 'https://github.com/openshift/origin', 6, ''),
(283, 'Opensips', 182, 'https://www.opensips.org/', 17, ''),
(284, 'OpenSSH', 2, 'https://www.openssh.com/', 8, ''),
(285, 'OpenStack', 146, 'https://www.openstack.org/', 6, ''),
(286, 'OpenSuse', 167, 'https://www.opensuse.org/', 18, ''),
(287, 'OpenVAS', 11, 'https://www.openvas.org/', 17, ''),
(288, 'OpenVPN', 156, 'https://openvpn.net/', 17, ''),
(289, 'OpenWebMail', 111, 'http://openwebmail.acatysmoof.com/', 8, ''),
(290, 'Oracle Linux', 167, 'https://github.com/oracle/linux-uek', 17, ''),
(291, 'Oryx', 30, 'https://code.google.com/archive/p/oryx-editor/', 20, ''),
(292, 'OSGeo4W', 117, 'https://trac.osgeo.org/osgeo4w/', 31, ''),
(293, 'OsTicket', 49, 'https://osticket.com/', 18, ''),
(294, 'OTRS', 101, 'https://otrs.com', 3, ''),
(295, 'Ouvidoria', 142, 'https://github.com/softwarepublico/ouvidoria', 18, ''),
(296, 'Ovirt', 176, 'https://www.ovirt.org/', 6, ''),
(297, 'Owncloud', 17, 'https://owncloud.org/', 2, ''),
(298, 'Pacemaker', 45, 'https://wiki.clusterlabs.org/wiki/Pacemaker', 18, ''),
(299, 'PAmix ', 67, 'https://github.com/patroclos/PAmix', 31, ''),
(300, 'PDF Chain', 144, 'http://pdfchain.sourceforge.net/', 20, ''),
(301, 'PDF Shuffler', 144, 'https://sourceforge.net/projects/pdfshuffler/', 20, ''),
(302, 'PDFCreator', 144, 'https://www.pdfforge.org/pdfcreator', 3, ''),
(303, 'PDFSam', 144, 'https://pdfsam.org/', 3, ''),
(304, 'Peazip', 41, 'https://www.peazip.org/', 29, ''),
(305, 'Pencil', 150, 'https://pencil.evolus.vn/', 18, ''),
(306, 'Pentaho Suite', 32, 'https://github.com/pentaho/', 12, ''),
(307, 'Percona', 28, 'https://www.percona.com/', 18, ''),
(308, 'pfSense', 75, 'https://www.pfsense.org/', 6, ''),
(309, 'pgAdmin', 37, 'https://www.pgadmin.org/', 40, ''),
(310, 'pgBadger', 139, 'https://github.com/darold/pgbadger', 40, ''),
(311, 'pGina', 22, 'http://pgina.org/', 8, ''),
(312, 'Phonegap', 79, 'https://phonegap.com', 6, ''),
(313, 'Photon', 48, 'https://vmware.github.io/photon/', 6, ''),
(314, 'PHP', 127, 'https://www.php.net/', 39, ''),
(315, 'phpBB', 77, 'https://www.phpbb.com/', 18, ''),
(316, 'PHPIp', 93, 'https://sourceforge.net/projects/phpip/', 18, ''),
(317, 'PHPIpam', 93, 'https://phpipam.net/', 29, ''),
(318, 'phpLDAPAdmin', 40, 'http://phpldapadmin.sourceforge.net', 17, ''),
(319, 'PHPList', 65, 'https://www.phplist.com/', 3, ''),
(320, 'PHPlot', 82, 'http://phplot.sourceforge.net/', 27, ''),
(321, 'PHPMailer', 168, 'https://github.com/PHPMailer/PHPMailer', 28, ''),
(322, 'phpMyAdmin', 37, 'https://www.phpmyadmin.net/', 18, ''),
(323, 'phpPgAdmin', 37, 'http://phppgadmin.sourceforge.net', 18, ''),
(324, 'PhyML', 81, 'http://www.atgc-montpellier.fr/phyml/', 20, ''),
(325, 'Plone', 88, 'https://plone.org/', 18, ''),
(326, 'Portainer', 48, 'https://www.portainer.io/', 46, ''),
(327, 'Postfix', 168, 'http://www.postfix.org/', 15, ''),
(328, 'PostGIS', 117, 'https://postgis.net/', 18, ''),
(329, 'PostgreSQL', 28, 'https://www.postgresql.org/', 40, ''),
(330, 'Postman', 57, 'https://www.postman.com', 6, ''),
(331, 'Primefaces', 79, 'https://www.primefaces.org/', 31, ''),
(332, 'PrimeNG', 79, 'https://www.primefaces.org/primeng/', 31, ''),
(333, 'Process Dashboard', 96, 'https://sourceforge.net/projects/processdash/', 20, ''),
(334, 'Project Libre', 96, 'https://www.projectlibre.com/', 15, ''),
(335, 'Prometheus Monitoring System', 139, 'https://prometheus.io/', 6, ''),
(336, 'Protege', 141, 'https://github.com/protegeproject/protege', 8, ''),
(337, 'ProtTest', 153, 'https://github.com/ddarriba/prottest3', 18, ''),
(338, 'Proxmox VE', 176, 'https://www.proxmox.com', 2, ''),
(339, 'PSPP', 73, 'https://www.gnu.org/software/pspp/', 20, ''),
(340, 'Puppet', 87, 'https://puppet.com/', 6, ''),
(341, 'Putty', 170, 'https://www.putty.org/', 31, ''),
(342, 'PW3270', 71, 'https://softwarepublico.gov.br/social/pw3270', 18, ''),
(343, 'PyMol', 180, 'https://pymol.org', 41, ''),
(344, 'Python', 127, 'https://www.python.org/', 42, ''),
(345, 'QGIS', 117, 'https://qgis.org', 18, ''),
(346, 'R', 73, 'https://www.r-project.org/', 18, ''),
(347, 'R Studio', 73, 'https://rstudio.com/', 3, ''),
(348, 'RackTables', 122, 'https://www.racktables.org/', 18, ''),
(349, 'Rails', 79, 'https://rubyonrails.org/', 31, ''),
(350, 'RainLoop', 185, 'https://www.rainloop.net/', 3, ''),
(351, 'Rancher', 48, 'https://rancher.com/', 6, ''),
(352, 'RapidSVN', 51, 'https://rapidsvn.org/', 17, ''),
(353, 'rclone', 166, 'https://rclone.org/', 31, ''),
(354, 'rconfig', 87, 'https://www.rconfig.com/', 20, ''),
(355, 'RDDtool', 139, 'https://oss.oetiker.ch/rrdtool/', 17, ''),
(356, 'React', 79, 'https://pt-br.reactjs.org/', 31, ''),
(357, 'Redis', 28, 'https://redis.io/', 10, ''),
(358, 'Redmine', 96, 'https://www.redmine.org/', 26, ''),
(359, 'Request Tracker', 154, 'https://bestpractical.com/request-tracker', 18, ''),
(360, 'Richfaces', 79, 'https://richfaces.jboss.org/', 28, ''),
(361, 'Riot', 132, 'https://about.riot.im/', 6, ''),
(362, 'Rkhunter', 11, 'http://rkhunter.sourceforge.net/', 18, ''),
(363, 'Robot Framework', 174, 'https://robotframework.org/', 6, ''),
(364, 'RocketChat', 132, 'https://rocket.chat/', 31, ''),
(365, 'RoundCube', 185, 'https://roundcube.net/', 20, ''),
(366, 'RSYSLOG', 139, 'https://www.rsyslog.com/', 17, ''),
(367, 'Ruby', 127, 'https://www.ruby-lang.org', 9, ''),
(368, 'Safe Exam', 25, 'https://www.safeexambrowser.org', 34, ''),
(369, 'SageMath', 130, 'https://www.sagemath.org/', 17, ''),
(370, 'Saltstack', 23, 'https://www.saltstack.com/', 6, ''),
(371, 'Samba', 119, 'https://www.samba.org/', 17, ''),
(372, 'ScaLAPACK', 130, 'http://www.netlib.org/scalapack/', 8, ''),
(373, 'SciDAVis', 7, 'https://sourceforge.net/projects/scidavis/', 18, ''),
(374, 'Scilab', 47, 'https://www.scilab.org/', 17, ''),
(375, 'Scribus', 60, 'https://www.scribus.net/', 28, ''),
(376, 'Seafile', 43, 'https://www.seafile.com', 18, ''),
(377, 'Selenium', 174, 'https://www.selenium.dev/', 6, ''),
(378, 'Sendmail', 168, 'https://sourceforge.net/projects/send-mail/', 6, ''),
(379, 'SGA', 84, 'https://softwarepublico.gov.br/social/sga-livre', 18, ''),
(380, 'Shibboleth', 94, 'https://www.shibboleth.net/', 6, ''),
(381, 'Siaudi', 21, 'https://softwarepublico.gov.br/social/siaudi', 18, ''),
(382, 'SIMEC', 108, 'https://softwarepublico.gov.br/social/simec', 18, ''),
(383, 'single-spa ', 79, 'https://single-spa.js.org/', 31, ''),
(384, 'Sistema Eletrônico de Informações (SEI!)', 105, 'https://softwarepublico.gov.br/social/sei', 81, ''),
(385, 'Slackware', 167, 'http://www.slackware.com/', 17, ''),
(386, 'SmokePing', 9, 'https://oss.oetiker.ch/smokeping/', 18, ''),
(387, 'Snare', 139, 'https://sourceforge.net/projects/snare/', 18, ''),
(388, 'SOAPUI', 174, 'https://www.soapui.org/', 16, ''),
(389, 'Sofa Statistics', 73, 'https://www.sofastatistics.com', 3, ''),
(390, 'Sonarqube', 118, 'https://www.sonarqube.org/', 29, ''),
(391, 'Spacewalk', 91, 'https://spacewalkproject.github.io/', 18, ''),
(392, 'Spamassassin', 169, 'https://spamassassin.apache.org/', 6, ''),
(393, 'Apache Spark', 132, 'https://www.igniterealtime.org/projects/spark/', 6, ''),
(394, 'Specify', 86, 'https://www.sustain.specifysoftware.org/products/specify-7/', 18, ''),
(395, 'Spring Framework', 79, 'https://spring.io/', 6, ''),
(396, 'Spring Tools Suite – STS', 79, 'https://spring.io/tools', 6, ''),
(397, 'SQL Power Architect', 136, 'http://www.bestofbi.com/page/architect_download_os', 20, ''),
(398, 'Squid', 33, 'http://www.squid-cache.org/', 18, ''),
(399, 'Squirrelmail', 185, 'https://squirrelmail.org/', 17, ''),
(400, 'SquirrelSQL', 37, 'http://squirrel-sql.sourceforge.net/', 26, ''),
(401, 'Stellarium', 20, 'https://stellarium.org', 18, ''),
(402, 'Strigi', 116, 'git://anongit.kde.org/strigi.git', 26, ''),
(403, 'Subversion', 51, 'https://subversion.apache.org/', 6, ''),
(404, 'SUSE Linux', 167, 'https://www.suse.com', 17, ''),
(405, 'Swagger', 14, 'https://swagger.io/', 6, ''),
(406, 'SWI-Prolog', 127, 'https://www.swi-prolog.org/', 8, ''),
(407, 'Symfony', 79, 'https://symfony.com/', 31, ''),
(408, 'syslog-ng ', 139, 'https://github.com/syslog-ng/syslog-ng', 17, ''),
(409, 'Taiga', 96, 'https://github.com/taigaio', 3, ''),
(410, 'TeamPass', 100, 'https://teampass.net/', 20, ''),
(411, 'TEDE', 160, 'https://github.com/ibict-br/TEDE', 14, ''),
(412, 'TemaTres', 141, 'https://sourceforge.net/projects/tematres/', 18, ''),
(413, 'TensorFlow', 15, 'https://www.tensorflow.org/', 6, ''),
(414, 'Tesseract', 155, 'https://github.com/tesseract-ocr/tesseract', 6, ''),
(415, 'TestLink', 174, 'http://testlink.org/', 18, ''),
(416, 'TeX-Live', 125, 'https://github.com/TeX-Live/texlive-source', 13, ''),
(417, 'Texmaker', 125, 'https://www.xm1math.net/texmaker/', 17, ''),
(418, 'TeXnicCenter', 125, 'https://www.texniccenter.org/', 17, ''),
(419, 'TexStudio', 125, 'https://www.texstudio.org/', 20, ''),
(420, 'TexWorks', 125, 'http://www.tug.org/texworks/', 18, ''),
(421, 'Tidia', 103, 'https://tidia.ita.br/portal', 31, ''),
(422, 'TightVNC', 2, 'https://www.tightvnc.com/', 18, ''),
(423, 'TortoiseGIT', 38, 'https://tortoisegit.org/', 18, ''),
(424, 'TortoiseSVN', 38, 'https://tortoisesvn.net', 17, ''),
(425, 'Tracker', 10, 'https://physlets.org/tracker/', 20, ''),
(426, 'Transcriber', 175, 'http://trans.sourceforge.net', 17, ''),
(427, 'TuxMath', 130, 'https://github.com/tux4kids/tuxmath', 20, ''),
(428, 'TypeScript', 127, 'https://www.typescriptlang.org/', 6, ''),
(429, 'Ubuntu', 167, 'https://ubuntu.com/', 17, ''),
(430, 'uPortal ', 53, 'https://www.apereo.org/projects/uportal', 6, ''),
(431, 'Vagrant', 5, 'https://www.vagrantup.com/', 31, ''),
(432, 'Varnish', 33, 'https://varnish-cache.org/', 9, ''),
(433, 'Veins', 165, 'https://veins.car2x.org/', 18, ''),
(434, 'VeraCrypt', 54, 'https://www.veracrypt.fr', 6, ''),
(435, 'vert.x', 113, 'https://vertx.io/', 15, ''),
(436, 'VIM', 69, 'https://www.vim.org/', 18, ''),
(437, 'VirtualBox', 176, 'https://www.virtualbox.org', 18, ''),
(438, 'vis.js', 82, 'https://visjs.org/', 6, ''),
(439, 'Visual Studio Code', 113, 'https://github.com/Microsoft/vscode', 31, ''),
(440, 'VisuAlg', 72, 'https://sourceforge.net/projects/visualg30/', 98, ''),
(441, 'VisualVM', 8, 'https://visualvm.github.io/', 18, ''),
(442, 'VLC', 161, 'https://www.videolan.org', 18, ''),
(443, 'VMD', 153, 'https://www.ks.uiuc.edu/Research/vmd/', 44, ''),
(444, 'VNC', 2, 'https://github.com/TigerVNC/tigervnc', 18, ''),
(445, 'Volatility', 76, 'https://www.volatilityfoundation.org/', 18, ''),
(446, 'vsftpd', 80, 'https://security.appspot.com/vsftpd.html', 17, ''),
(447, 'WampServer', 5, 'http://www.wampserver.com', 21, ''),
(448, 'Web2Py', 79, 'http://www.web2py.com/', 29, ''),
(449, 'Webmin', 3, 'http://www.webmin.com/', 10, ''),
(450, 'Weby', 88, 'https://github.com/cercomp/weby', 17, ''),
(451, 'Weka', 134, 'https://sourceforge.net/projects/weka/', 20, ''),
(452, 'Wekan', 124, 'https://wekan.github.io/', 31, ''),
(453, 'Wildfly', 163, 'https://wildfly.org/', 28, ''),
(454, 'WinDJView', 181, 'https://windjview.sourceforge.io/', 18, ''),
(455, 'WinSCP', 80, 'https://winscp.net', 20, ''),
(456, 'Wireshark', 9, 'https://www.wireshark.org', 18, ''),
(457, 'Wordpress', 88, 'https://br.wordpress.com/', 18, ''),
(458, 'WSO2 API Manager', 14, 'https://wso2.com/api-management', 6, ''),
(459, 'WSO2 Identity API Server', 94, 'https://github.com/wso2/identity-api-server', 6, ''),
(460, 'wxMaxima', 130, 'https://wxmaxima-developers.github.io/wxmaxima/', 17, ''),
(461, 'Xamarin Workbooks', 44, 'https://github.com/xamarin/Workbooks', 31, ''),
(462, 'XAMPP', 176, 'https://www.apachefriends.org', 18, ''),
(463, 'XCP-ng', 1, 'https://xcp-ng.org/', 1, ''),
(464, 'Xibo', 19, 'https://xibo.org.uk/', 3, ''),
(465, 'XMind ', 128, 'https://www.xmind.net/', 15, ''),
(466, 'XWiki ', 186, 'https://www.xwiki.org', 28, ''),
(467, 'Yii', 79, 'https://www.yiiframework.com/', 10, ''),
(468, 'Zabbix', 139, 'https://www.zabbix.com/', 18, ''),
(469, 'Zend Framework', 79, 'https://framework.zend.com/', 45, ''),
(470, 'Zimbra', 111, 'https://www.zimbra.com/', 35, ''),
(471, 'ZODB', 28, 'http://www.zodb.org', 47, ''),
(472, 'ZoneMinder', 36, 'https://zoneminder.com/', 18, ''),
(473, 'ZooKeeper', 45, 'https://zookeeper.apache.org/', 6, ''),
(474, 'Zope', 163, 'https://www.zope.org/', 47, ''),
(475, 'Zotero', 97, 'https://www.zotero.org/', 2, ''),
(476, 'MailWatch', 64, 'https://mailwatch.org/', 18, ''),
(477, 'Apache Cassandra', 28, 'https://cassandra.apache.org', 6, ''),
(478, 'Artifactory', 90, 'https://jfrog.com/artifactory/', 49, ''),
(479, '7-Zip', 41, 'https://www.7-zip.org/', 26, ''),
(480, 'AdoptOpenJDK', 174, 'https://adoptopenjdk.net/', 6, ''),
(481, 'Archi', 137, 'https://www.archimatetool.com/', 31, ''),
(482, 'Brave', 121, 'https://brave.com/', 34, ''),
(483, 'Exodus', 132, 'https://exodus.en.softonic.com/', 48, ''),
(484, 'glogg', 21, 'http://glogg.bonnefon.org/', 20, ''),
(485, 'GnuWin', 187, 'http://gnuwin32.sourceforge.net/', 18, ''),
(486, 'HeidiSQL', 28, 'https://www.heidisql.com/', 17, ''),
(487, 'JDownloader', 188, 'https://jdownloader.org/', 17, ''),
(488, 'Keyczar', 54, 'https://github.com/google/keyczar', 6, ''),
(489, 'LinuxLive USB Creator', 176, 'https://www.linuxliveusb.com/', 20, ''),
(490, 'MariaDB Connector/ODBC ', 28, 'https://mariadb.com/kb/en/mariadb-connector-odbc/', 26, ''),
(491, 'MPC-HC', 161, 'https://mpc-hc.org/', 20, ''),
(492, 'mRemoteNG', 2, 'https://mremoteng.org/', 18, ''),
(493, 'MySQL Connector/NET', 28, 'https://github.com/mysql/mysql-connector-net', 18, ''),
(494, 'MySQL Connector/ODBC', 28, 'https://github.com/mysql/mysql-connector-odbc', 18, ''),
(495, 'Npgsql', 28, 'https://www.npgsql.org/', 40, ''),
(496, 'NSClient++', 139, 'http://www.nsclient.org/', 18, ''),
(497, 'OpenConnect GUI', 156, 'https://openconnect.github.io/openconnect-gui/', 18, ''),
(498, 'OSSEC Hids Agent', 139, 'https://github.com/ossec/ossec-hids', 18, ''),
(499, 'Pandoc', 189, 'https://pandoc.org/', 17, ''),
(500, 'PdfStream Dumper', 144, 'https://github.com/dzzie/pdfstreamdumper', 82, ''),
(501, 'psqlODBC', 28, 'https://odbc.postgresql.org/', 26, ''),
(502, 'PyCharm Community Edition', 113, 'https://www.jetbrains.com/pycharm/download', 6, ''),
(503, 'Rtools', 187, 'https://cran.r-project.org/bin/windows/Rtools/', 48, ''),
(504, 'SQLite ODBC Driver', 28, 'http://www.ch-werner.de/sqliteodbc/', 8, ''),
(505, 'SumatraPDF', 144, 'https://github.com/sumatrapdfreader/sumatrapdf', 8, ''),
(506, 'Ultra VNC', 2, 'https://www.uvnc.com/', 17, ''),
(507, 'WinCDEmu', 176, 'https://wincdemu.sysprogs.org/', 26, ''),
(508, 'Zulu OpenJDK', 187, 'https://github.com/zulu-openjdk/zulu-openjdk', 48, ''),
(509, 'Xen Orchestra', 176, 'https://github.com/vatesfr/Xen-Orchestra', 3, ''),
(510, 'Sublime Text', 113, 'https://www.sublimetext.com/', 49, ''),
(511, 'Odoo', 190, 'https://www.odoo.com/pt_BR/', 29, ''),
(512, 'Geonetwork', 117, 'https://www.geonetwork-opensource.org/', 18, ''),
(513, 'OpenNMS', 139, 'https://www.opennms.com/', 3, ''),
(514, 'GEPNET', 96, 'https://github.com/spbgovbr/gepnet', 83, ''),
(515, 'Apache Kafka', 171, 'https://kafka.apache.org/', 6, ''),
(516, 'RabbitMQ', 191, 'https://www.rabbitmq.com/', 34, ''),
(517, 'OWASP Zed Attack Proxy', 11, 'https://www.zaproxy.org', 6, ''),
(518, 'Sourcetree', 38, 'https://www.sourcetreeapp.com/', 48, ''),
(519, 'Winmerge', 12, 'https://winmerge.org/', 17, ''),
(520, 'Citsmart', 101, 'https://code.google.com/archive/p/citsmart/', 17, ''),
(521, 'Red Hat Linux', 167, 'https://www.redhat.com/pt-br/technologies/linux-platforms/enterprise-linux', 49, ''),
(522, 'Matomo', 7, 'https://github.com/matomo-org/matomo', 20, ''),
(523, 'Traefik', 27, 'https://github.com/traefik/traefik', 31, ''),
(524, 'Visualizer', 178, 'https://github.com/Kitware/visualizer', 10, ''),
(525, 'Grav', 88, 'https://github.com/getgrav/grav', 31, ''),
(526, 'MailCatcher', 64, 'https://github.com/sj26/mailcatcher', 31, ''),
(527, 'Robomongo', 37, 'https://github.com/Studio3T/robomongo', 17, ''),
(528, 'Oracle SQL Developer', 37, 'https://developer.oracle.com', 49, ''),
(529, 'Endian Firewall', 75, 'https://www.endian.com/community/', 48, ''),
(530, 'Coturn', 182, 'https://github.com/coturn/coturn', 84, ''),
(531, 'e2guardian', 74, 'https://github.com/e2guardian/e2guardian', 18, ''),
(532, 'ejabberd', 132, 'https://github.com/processone/ejabberd', 18, ''),
(533, 'libvirt', 176, 'https://github.com/libvirt/libvirt', 28, ''),
(534, 'OpenResty', 163, 'https://github.com/openresty/openresty', 85, ''),
(535, 'VyOS', 159, 'https://github.com/vyos/vyos', 18, ''),
(536, 'Xen', 176, 'https://github.com/Xilinx/xen', 17, ''),
(537, 'Bacula Web', 26, 'https://www.bacula-web.org/', 18, ''),
(538, 'Zenoss', 139, 'https://www.zenoss.com/', 49, ''),
(539, 'webLDAP', 126, 'https://github.com/FedeRez/webldap', 31, ''),
(540, 'webdans', 74, 'https://sourceforge.net/projects/webdans/', 18, ''),
(541, 'react-native-iot-wifi', 1, 'https://github.com/tadasr/react-native-iot-wifi', 31, ''),
(542, 'Z-Push', 166, 'https://z-push.org/', 18, ''),
(543, 'Agropedia brasilis', 192, 'https://www.agropedia-brasilis.cnptia.embrapa.br/', 49, ''),
(544, 'Biosemeie', 192, 'https://www.embrapa.br/busca-de-solucoes-tecnologicas/-/produto-servico/6127/biosemeie', 48, ''),
(545, 'CWFree', 88, 'https://cwfree.software.informer.com/', 48, ''),
(546, 'DotProject', 96, 'https://dotproject.net/', 17, ''),
(547, 'Xerte', 103, 'https://github.com/thexerteproject/xerteonlinetoolkits', 6, ''),
(548, 'OpenDocMan', 92, 'https://www.opendocman.com/', 17, ''),
(549, 'Bika LIMS', 193, 'https://www.bikalims.org/', 17, ''),
(550, 'Geoinfo', 117, 'http://geoinfo.cnps.embrapa.br/', 48, ''),
(551, 'AgroAPI', 192, 'https://www.agroapi.cnptia.embrapa.br/portal/', 49, ''),
(552, 'SATVeg', 192, 'https://www.satveg.cnptia.embrapa.br/satveg/login.html', 48, ''),
(553, 'Alice', 192, 'https://www.alice.cnptia.embrapa.br/', 48, ''),
(554, 'Infoteca-e', 192, 'https://www.infoteca.cnptia.embrapa.br/', 48, ''),
(555, 'DocMGR', 92, 'https://sourceforge.net/projects/docmgr/', 18, ''),
(556, 'SisCLP', 95, 'https://www.embrapa.br/agropecuaria-oeste/', 48, ''),
(557, 'Google Chrome', 121, 'https://www.google.com/chrome/', 48, ''),
(558, 'Calibre', 179, 'https://github.com/kovidgoyal/calibre', 20, ''),
(559, 'Remmina', 2, 'https://github.com/FreeRDP/Remmina', 18, ''),
(560, 'BibLivre', 97, 'https://github.com/Biblivre', 20, ''),
(561, 'Onlyoffice', 172, 'https://github.com/ONLYOFFICE/CommunityServer', 6, ''),
(562, 'Bizagi modeler', 137, 'https://www.bizagi.com/en/platform/modeler', 48, ''),
(563, 'Perl', 127, 'https://github.com/Perl/perl5', 17, ''),
(564, 'Scrutinizer', 9, 'https://www.plixer.com/products/scrutinizer/', 49, ''),
(565, 'Booked Scheduler', 184, 'https://www.bookedscheduler.com/', 49, ''),
(566, 'DotNetNuke', 88, 'https://github.com/dnnsoftware/Dnn.Platform', 31, ''),
(567, 'BitKinex', 194, 'http://www.bitkinex.com/', 48, ''),
(568, 'Crimson Editor', 69, 'http://crimsoneditor.com/', 48, ''),
(569, 'Fiddler', 9, 'https://www.telerik.com', 48, ''),
(570, 'SqlDbx', 37, 'http://www.sqldbx.com', 48, ''),
(571, 'Wintail', 21, 'https://sourceforge.net/projects/wintail/', 13, ''),
(572, 'Evince', 179, 'https://github.com/GNOME/evince', 18, ''),
(573, 'LX-Viewer', 189, 'http://lx-viewer.sourceforge.net/index.php', 18, ''),
(574, 'Paint.NET', 68, 'https://www.getpaint.net/index.html', 48, ''),
(575, 'MyPaint', 68, 'http://mypaint.org/', 18, ''),
(576, 'mtPaint', 68, 'http://mtpaint.sourceforge.net/', 17, ''),
(577, 'recordMyDesktop', 35, 'https://sourceforge.net/projects/recordmydesktop/', 18, ''),
(578, 'Lightscreen', 35, 'https://lightscreen.com.ar/', 18, ''),
(579, 'Sigil', 69, 'https://sigil-ebook.com', 20, ''),
(580, 'OpenShot', 195, 'https://www.openshot.org/', 17, ''),
(581, 'Avidemux', 195, 'http://avidemux.sourceforge.net/', 17, ''),
(582, 'Shotcut', 195, 'https://www.shotcut.org/', 20, ''),
(583, 'ffmpeg', 189, 'http://ffmpeg.org/', 28, ''),
(584, 'CamStudio', 35, 'https://sourceforge.net/projects/camstudio/', 18, ''),
(585, 'SuperPuTTY', 170, 'https://www.puttygen.com/superputty', 31, ''),
(586, 'gcvs', 51, 'https://github.com/vilic/gcvs', 31, ''),
(587, 'GeoKettle', 32, 'https://sourceforge.net/projects/geokettle/', 27, ''),
(588, 'GGobi', 178, 'http://ggobi.org/', 12, ''),
(589, 'Picalo', 7, 'http://freshmeat.sourceforge.net/projects/picalo', 17, ''),
(590, 'VcXsrv', 196, 'https://sourceforge.net/projects/vcxsrv/', 20, ''),
(591, 'Centreon', 139, 'https://github.com/centreon/centreon', 18, ''),
(592, 'NSIS', 62, 'https://sourceforge.net/projects/nsis/', 46, ''),
(593, 'prettytime', 197, 'https://github.com/ocpsoft/prettytime', 6, ''),
(594, 'Violet UML Editor', 61, 'https://sourceforge.net/projects/violet/', 18, ''),
(595, 'Watch.js', 79, 'https://github.com/melanke/Watch.JS/', 31, ''),
(596, 'Webpack', 62, 'https://webpack.js.org/', 31, ''),
(597, 'Winston', 21, 'https://github.com/winstonjs/winston', 31, ''),
(599, 'XStream', 79, 'http://x-stream.github.io/', 8, ''),
(600, 'YUI Compressor', 41, 'https://yui.github.io/yuicompressor/', 8, ''),
(601, 'Zepto', 79, 'https://zeptojs.com/', 31, ''),
(602, 'JFreeChart', 82, 'https://jfree.org/jfreechart/', 26, ''),
(603, 'OpenBSD', 167, 'https://www.openbsd.org/', 8, ''),
(604, 'x3270', 71, 'http://x3270.bgp.nu/', 87, ''),
(605, 'h3270', 71, 'http://h3270.sourceforge.net/', 20, ''),
(606, 'Stunnel ', 54, 'https://www.stunnel.org/', 18, ''),
(607, 'TortoiseCVS', 51, 'http://www.tortoisecvs.org/', 17, ''),
(608, 'MicroSIP', 182, 'https://www.microsip.org/', 18, ''),
(609, 'Geos', 130, 'https://github.com/libgeos/geos', 28, ''),
(610, 'Geoserver', 117, 'http://geoserver.org', 18, ''),
(611, 'Leaflet', 79, 'https://leafletjs.com/', 9, ''),
(612, 'OpenStreetMap', 117, 'https://github.com/openstreetmap/openstreetmap-website', 18, ''),
(613, 'Report Magic', 158, 'http://reportmagic.org/', 88, ''),
(614, 'InfraRecorder', 198, 'http://infrarecorder.org/', 20, ''),
(615, 'Rufus', 199, 'http://rufus.ie/', 20, ''),
(616, 'cdrtools', 198, 'https://sourceforge.net/projects/cdrtools/', 27, ''),
(617, 'DocFetcher', 31, 'http://docfetcher.sourceforge.net/en/index.html', 15, ''),
(618, 'Likewise Open', 22, 'https://sourceforge.net/projects/likewiseopen/', 18, ''),
(619, 'Workrave', 200, 'https://test.workrave.org/', 20, ''),
(620, 'Fortress', 201, 'https://github.com/userfrosting/fortress', 1, ''),
(621, 'GPG', 54, 'https://gnupg.org/', 17, ''),
(622, 'Gpg4win', 54, 'https://www.gpg4win.org/', 17, ''),
(623, 'Apache Santuario', 54, 'http://santuario.apache.org', 6, ''),
(624, 'The Sleuth Kit', 202, 'http://sleuthkit.org/', 90, ''),
(625, 'Apache Syncope', 94, 'https://syncope.apache.org/', 6, ''),
(626, 'Cronolog', 21, 'https://github.com/fordmason/cronolog', 18, ''),
(627, 'GNS3', 156, 'https://www.gns3.com/', 20, ''),
(628, 'MapServer ', 117, 'https://mapserver.org/', 31, ''),
(629, 'Pidgin', 132, 'https://pidgin.im/', 17, ''),
(630, 'Winprint', 115, 'https://sourceforge.net/projects/winprint/', 18, ''),
(631, 'Burp Suite Community Edition', 11, 'https://portswigger.net/burp', 48, ''),
(632, 'Zenmap', 11, 'https://nmap.org/zenmap/', 17, ''),
(633, 'Apache TCL', 127, 'http://tcl.apache.org/html/tcl.html', 6, ''),
(634, 'Hping', 9, 'http://hping.org/', 18, ''),
(635, 'Snort', 58, 'https://www.snort.org/', 18, ''),
(636, 'htop', 203, 'https://github.com/htop-dev/htop', 18, ''),
(637, 'John the Ripper', 204, 'https://github.com/openwall/john', 18, ''),
(638, 'Adobe Acrobat Reader', 179, 'https://get2.adobe.com/br/reader/otherversions/', 48, ''),
(639, 'CDBurnerXP', 198, 'https://www.cdburnerxp.se/', 48, ''),
(640, 'Adobe Digital Editions', 179, 'https://www.adobe.com/br/solutions/ebook/digital-editions/download.html', 48, ''),
(641, 'Balabolka', 205, 'http://balabolka.site/balabolka.htm', 48, ''),
(642, 'Brackets', 113, 'http://brackets.io/', 31, ''),
(643, 'CANDex', 206, 'https://www.tse.jus.br/eleicoes/eleicoes-2020/sistema-de-candidaturas-modulo-externo-candex-2020', 48, ''),
(644, 'CCExtractor', 207, 'https://www.ccextractor.org', 18, ''),
(645, 'CCleaner', 208, 'https://www.ccleaner.com/pt-br/ccleaner', 48, ''),
(646, 'Checkmk', 139, 'https://checkmk.com/open-source-monitoring.html', 18, ''),
(647, 'Cobian Backup', 26, 'https://www.cobiansoft.com/cobianbackup.html', 48, ''),
(648, 'Ultimaker Cura', 209, 'https://ultimaker.com/software/ultimaker-cura', 48, ''),
(649, 'DaVinci Resolve', 195, 'https://www.blackmagicdesign.com/br/products/davinciresolve/collaboration', 48, ''),
(650, 'DIALux', 68, 'https://www.dialux.com/en-GB/', 48, ''),
(651, 'DWG TrueView', 210, 'https://dwg-trueview.en.lo4d.com/windows', 48, ''),
(652, 'FormatFactory', 189, 'https://format-factory.en.softonic.com/', 48, ''),
(653, 'FusionInventory Agent', 122, 'https://github.com/fusioninventory/fusioninventory-agent', 18, ''),
(654, 'Google Drive', 17, 'https://www.google.com.br/drive/apps.html', 48, ''),
(655, 'Google Earth', 117, 'https://www.google.com.br/earth/index.html', 48, ''),
(656, 'HandBrake', 195, 'https://github.com/HandBrake/HandBrake', 18, ''),
(657, 'ImgBurn', 198, 'http://imgburn.com/', 48, ''),
(658, 'Infragistics', 5, 'https://www.infragistics.com/', 49, ''),
(659, 'Internet Explorer', 121, 'https://www.microsoft.com/pt-br/download/internet-explorer.aspx', 48, ''),
(660, 'IRPF', 211, 'http://receita.economia.gov.br/aplicativos', 48, ''),
(661, 'ITR', 211, 'http://receita.economia.gov.br/aplicativos', 48, ''),
(662, 'Jahshaka', 68, 'https://www.jahshaka.com/', 48, ''),
(663, 'Lightshot', 35, 'https://github.com/GedRap/lightshot', 81, ''),
(664, 'Lightworks', 195, 'https://www.lwks.com/', 49, ''),
(665, 'Microsoft Office', 172, 'https://www.office.com/', 49, ''),
(666, 'Microsoft Power Query', 32, 'https://powerquery.microsoft.com/en-us/', 49, ''),
(667, 'Mouse Recorder', 24, 'https://sourceforge.net/projects/mouserecorder/', 8, ''),
(668, 'NexusFont', 212, 'https://nexusfont.softonic.com.br/', 48, ''),
(669, 'Nuxeo Drive', 17, 'https://doc.nuxeo.com/client-apps/nuxeo-drive/', 49, ''),
(670, 'Photoscape', 68, 'http://www.photoscape.org/ps/main/index.php', 48, ''),
(671, 'POV-Ray', 66, 'http://povray.org/', 2, ''),
(672, 'QuickTime', 161, 'https://support.apple.com/pt-br/guide/quicktime-player/welcome/mac', 48, ''),
(673, 'Receitanet', 211, 'http://receita.economia.gov.br/programas-para-download/receitanet', 48, ''),
(674, 'Relux Desktop', 66, 'https://reluxnet.relux.com/en/relux-desktop.html', 48, ''),
(675, 'SafeNet Authentication Client', 22, 'https://en.freedownloadmanager.org/Windows-PC/SafeNet-Authentication-Client.html', 49, ''),
(676, 'Sicalc', 211, 'https://sicalc.receita.economia.gov.br/sicalc/principal', 48, ''),
(677, 'Skype', 132, 'https://www.skype.com/pt-br/', 48, ''),
(678, 'SmartDrive', 213, 'https://www.smartdrive.net/', 49, ''),
(679, 'StarUML', 138, 'https://staruml.io/download', 49, ''),
(680, 'TRANE HDPsyChart', 61, 'https://trane-hdpsychart.software.informer.com/', 53, ''),
(681, 'Uniko Desktop', 68, 'https://www.uniko.com.br/Download.aspx', 48, ''),
(682, 'Voicemeeter', 67, 'https://vb-audio.com/Voicemeeter/index.htm', 91, ''),
(683, 'Windows Movie Maker', 161, 'https://www.microsoft.com/pt-br/p/movie-maker-video-editor-for-windows', 48, ''),
(684, 'XnView', 210, 'https://www.xnview.com/en/', 48, ''),
(685, 'Raspbian', 167, 'http://www.raspbian.org/', 17, ''),
(686, 'OpenEJB', 163, 'https://sourceforge.net/projects/openejb/', 6, ''),
(687, 'VSCodium', 113, 'https://vscodium.com/', 31, ''),
(688, 'Kate', 69, 'https://kate-editor.org/', 27, ''),
(689, 'PyTorch', 5, 'https://pytorch.org/', 92, ''),
(690, 'Mercurial', 51, 'https://www.mercurial-scm.org', 18, ''),
(691, 'EtherApe', 9, 'https://etherape.sourceforge.io/', 17, ''),
(692, 'tcpdump', 9, 'http://www.tcpdump.org/', 10, ''),
(693, 'KMail', 39, 'https://apps.kde.org/en/kmail2', 18, ''),
(694, 'KWrite', 69, 'https://apps.kde.org/en/kwrite', 28, ''),
(695, 'KOrganizer', 34, 'https://apps.kde.org/en/korganizer', 18, ''),
(696, 'ModSecurity', 75, 'https://www.modsecurity.org/', 93, ''),
(697, 'Rspamd', 169, 'https://www.rspamd.com/', 6, ''),
(698, 'Apache Guacamole', 2, 'https://guacamole.apache.org/', 6, ''),
(699, 'Collabora Office', 172, 'https://www.collaboraoffice.com/', 49, ''),
(700, 'FitNesse', 174, 'http://fitnesse.org/', 94, ''),
(701, 'Deepin', 167, 'https://www.deepin.org', 17, ''),
(702, 'Graphviz', 110, 'https://graphviz.org/', 94, ''),
(703, 'Cygwin', 119, 'https://www.cygwin.com/', 17, ''),
(704, 'H2 Database', 28, 'http://h2database.com/html/main.html', 33, ''),
(705, 'Apache Struts', 79, 'https://struts.apache.org/', 6, ''),
(706, 'HumHub ', 157, 'https://www.humhub.com/en', 2, ''),
(708, 'Google Docs', 172, 'https://docs.google.com', 48, ''),
(709, 'Flask', 79, 'https://flask.palletsprojects.com', 95, ''),
(710, 'Pandas', 7, 'https://pandas.pydata.org/', 10, ''),
(711, 'scikit-learn', 7, 'https://scikit-learn.org', 8, ''),
(712, 'spaCY', 215, 'https://spacy.io/', 31, ''),
(713, 'gunicorn', 163, 'https://gunicorn.org/', 31, ''),
(714, 'fastai', 216, 'https://github.com/fastai/fastai', 6, ''),
(716, 'Jupyter', 113, 'https://jupyter.org/', 10, ''),
(717, 'Talend Data Integration', 32, 'https://www.talend.com/products/data-integration/', 49, ''),
(718, 'Gogs', 51, 'https://github.com/gogs/gogs', 31, ''),
(719, 'LexML', 179, 'https://github.com/lexml', 12, ''),
(720, 'Alarm Clock', 197, 'https://github.com/enovision/alarm-clock', 18, ''),
(721, 'Arachni', 11, 'https://www.arachni-scanner.com/', 96, ''),
(722, 'Oracle SQL Developer Data Modeler', 136, 'https://www.oracle.com/database/technologies/appdev/datamodeler.html', 48, ''),
(723, 'Firewall Builder', 75, 'http://fwbuilder.sourceforge.net/', 17, ''),
(724, 'Foreman', 217, 'https://www.theforeman.org/', 97, ''),
(725, 'GNOME Calculator', 130, 'https://github.com/GNOME/gnome-calculator', 20, ''),
(726, 'Orca', 1, 'https://github.com/GNOME/orca', 28, ''),
(727, 'GNOME Usage', 139, 'https://gitlab.gnome.org/GNOME/gnome-usage', 20, ''),
(728, 'GPaste', 69, 'https://github.com/Keruspe/GPaste', 9, ''),
(729, 'grdesktop', 2, 'http://savannah.nongnu.org/projects/grdesktop', 18, ''),
(730, 'ORY Hydra', 22, 'https://github.com/ory/hydra', 6, ''),
(731, 'Kali Linux', 167, 'https://www.kali.org', 12, ''),
(732, 'LinSSID', 9, 'https://sourceforge.net/projects/linssid/', 12, ''),
(733, 'Metasploit Framework', 11, 'https://github.com/rapid7/metasploit-framework', 8, ''),
(734, 'MISP', 11, 'https://github.com/MISP/MISP', 3, ''),
(735, 'NonVisual Desktop Access', 1, 'https://github.com/nvaccess/nvda/', 18, ''),
(736, 'OpenSSL', 54, 'https://github.com/openssl/openssl', 6, ''),
(737, 'Qalculate!', 130, 'https://qalculate.github.io/', 18, ''),
(738, 'qpdfview', 179, 'https://launchpad.net/qpdfview', 18, ''),
(739, 'Rundeck', 23, 'https://github.com/rundeck/rundeck', 6, ''),
(740, 'Sagui', 3, 'https://sourceforge.net/projects/sagui/', 18, ''),
(741, 'sqlmap', 11, 'http://sqlmap.org/', 18, ''),
(742, 'Sticyk Notes', 69, 'https://www.microsoft.com/en-us/p/sticky-notes-8/9wzdncrfhww9', 49, ''),
(743, 'tomboy-ng', 119, 'https://github.com/tomboy-notes/tomboy-ng', 12, ''),
(744, 'unrar', 41, 'https://unrar.org', 26, ''),
(745, 'virt-viewer', 203, 'https://gitlab.com/virt-viewer/virt-viewer', 18, ''),
(746, 'Wink', 1, 'https://www.baixaki.com.br/download/wink.htm', 48, ''),
(747, 'Xournal', 69, 'http://xournal.sourceforge.net/', 17, ''),
(748, 'PDF Lite', 144, 'http://www.pdflite.com/', 20, ''),
(749, 'Freeplane', 128, 'https://www.freeplane.org/wiki/index.php/Home', 18, ''),
(750, 'Otimizador PDF', 144, 'https://portal.trt14.jus.br/portal/otimizador-pdf', 48, ''),
(751, 'PDF Merge Tool', 144, 'https://sourceforge.net/projects/pdfmergetool/', 20, ''),
(752, 'the dude', 139, 'https://sourceforge.net/projects/the-dude/', 88, ''),
(753, 'Arduino IDE', 113, 'https://www.arduino.cc/en/Main.Software', 18, ''),
(754, 'Pascalzim', 127, 'https://pascalzimbr.blogspot.com', 48, ''),
(755, 'Portugol Studio', 127, 'http://lite.acad.univali.br/portugol/', 20, ''),
(756, 'Scratch', 127, 'https://scratch.mit.edu/', 48, ''),
(758, 'Mamp', 5, 'https://www.mamp.info/en/windows/', 48, ''),
(759, 'MuseScore', 219, 'https://musescore.org/pt-br', 18, ''),
(760, 'Veyon', 139, 'https://veyon.io/', 18, ''),
(761, 'Assistat', 73, 'https://www.baixesoft.com/download/assistat', 48, ''),
(762, 'GPS TrackMaker Free', 117, 'https://www.trackmaker.com/main/en/', 48, ''),
(763, 'Sisvar', 73, 'http://www.dex.ufla.br/~danielff/programas/sisvar.html', 48, ''),
(764, 'DOSVOX', 1, 'http://intervox.nce.ufrj.br/dosvox/', 48, ''),
(765, 'CmapTools', 130, 'https://github.com/shaharkadmiel/cmaptools', 20, ''),
(766, 'FOG', 217, 'https://fogproject.org/', 20, ''),
(767, 'Rinetd', 220, 'http://www.rinetd.com/', 18, ''),
(768, 'Tim Tec', 221, 'https://github.com/institutotim/timtec', 48, ''),
(769, 'openDCIM', 122, 'https://github.com/samilliken/openDCIM', 20, ''),
(770, 'Django', 79, 'https://www.djangoproject.com/', 99, ''),
(771, 'ScrollOut', 79, 'https://scroll-out.github.io/', 31, ''),
(772, 'Arduino Simulator', 222, 'https://sourceforge.net/projects/arduino-simulator-io/', 48, ''),
(773, 'Astah Community', 138, 'https://astah.net/products/astah-community/', 100, ''),
(774, 'BlueJ', 5, 'https://www.bluej.org/', 18, ''),
(775, 'CADe SIMU / PC SIMU', 222, 'https://cadesimu.net/', 48, ''),
(776, 'Comodo Browser', 121, 'https://browser.comodo.com/', 48, ''),
(777, 'CurveExpert', 130, 'https://www.curveexpert.net/', 49, ''),
(778, 'Falstad', 222, 'https://falstad.com/circuit/', 48, ''),
(779, 'Fritzing', 222, 'https://github.com/fritzing/fritzing-app', 20, '');
INSERT INTO `software` (`codigo`, `nome`, `codigo_categoria`, `website`, `codigo_licenca`, `observacoes`) VALUES
(780, 'GameMaker', 223, 'https://www.yoyogames.com/gamemaker', 49, ''),
(781, 'Logisim', 222, 'https://sourceforge.net/projects/circuit/', 18, ''),
(782, 'Midori Browser', 121, 'https://gitlab.com/midori-web/midori-desktop', 20, ''),
(783, 'Robocode', 224, 'https://robocode.sourceforge.io/', 15, ''),
(784, 'RoboMind', 224, 'https://www.robomind.net', 49, ''),
(785, 'RobotBasic', 224, 'http://www.robotbasic.org/', 48, ''),
(786, 'Scratch For Arduino', 127, 'http://s4a.cat/', 31, ''),
(787, 'SeaMonkey', 121, 'https://www.seamonkey-project.org/', 34, ''),
(788, 'Torch Browser', 121, 'https://torchbrowser.com/', 48, ''),
(789, 'ArduSim', 222, 'https://sourceforge.net/projects/ardusim/', 18, ''),
(790, 'Licitateca', 225, 'https://solucoes.ifmg.edu.br/licitateca/', 18, ''),
(791, 'Recepta', 226, 'https://solucoes.ifmg.edu.br/recepta/', 18, ''),
(792, 'Sidec', 227, 'https://solucoes.ifmg.edu.br/sidec/', 18, ''),
(793, 'Sisplan', 228, 'https://solucoes.ifmg.edu.br/sisplan/', 18, ''),
(794, 'VOX', 142, 'https://solucoes.ifmg.edu.br/repositorio/visao/versao.frm.php?id_sistema=10', 81, ''),
(795, 'Prato', 229, 'https://solucoes.ifmg.edu.br/repositorio_doc/softwares/leiame_prato.txt', 81, ''),
(796, 'GesCont', 230, 'https://solucoes.ifmg.edu.br/gescont/', 18, ''),
(797, 'Conta Academica', 227, 'https://solucoes.ifmg.edu.br/repositorio/visao/versao.frm.php?id_sistema=8', 81, ''),
(798, 'SICAD', 107, 'https://solucoes.ifmg.edu.br/repositorio/visao/versao.frm.php?id_sistema=9', 81, ''),
(799, 'SirSaude', 231, '', 18, ''),
(800, 'Noturno', 232, 'https://solucoes.ifmg.edu.br/repositorio/visao/versao.frm.php?id_sistema=14', 18, ''),
(801, 'AssisExt', 102, 'https://solucoes.ifmg.edu.br/repositorio/visao/versao.frm.php?id_sistema=15', 18, ''),
(802, 'Sispec', 92, 'https://solucoes.ifmg.edu.br/repositorio/visao/versao.frm.php?id_sistema=12', 18, ''),
(803, 'Navegador PJe', 121, 'https://www.cnj.jus.br/wiki/index.php/Navegador_PJe', 48, ''),
(804, 'Tableau Public', 7, 'https://public.tableau.com/s/', 48, ''),
(805, 'Flash Player', 233, 'https://get.adobe.com/br/flashplayer/', 48, ''),
(806, 'Heroku Cli', 217, 'https://github.com/heroku/cli', 23, ''),
(807, 'Clic02 Edit', 69, 'https://clic02-edit.updatestar.com/pt', 53, ''),
(808, 'Cocos2d', 223, 'http://www.cocos2d.org/', 101, ''),
(809, 'Composer', 90, 'https://github.com/composer/composer', 31, ''),
(810, 'Epic Games Launcher', 223, 'https://pt.freedownloadmanager.org/Windows-PC/Epic-Games-Launcher-GRATUITO.html', 48, ''),
(811, 'Foxit', 144, 'https://www.foxitsoftware.com/downloads/', 49, ''),
(813, 'Jaspersoft Studio', 158, 'https://sourceforge.net/projects/jasperstudio/', 15, ''),
(814, 'Kicad', 234, 'https://www.kicad.org/', 20, ''),
(815, 'Krita', 68, 'https://krita.org', 20, ''),
(816, 'libGDX', 223, 'https://libgdx.com/', 6, ''),
(817, 'npm', 90, 'https://www.npmjs.com/get-npm', 88, ''),
(818, 'OpenToonz', 233, 'https://opentoonz.github.io/e/', 36, ''),
(819, 'Repetier', 209, 'https://www.repetier.com/', 48, ''),
(820, 'WinPcap', 9, 'https://www.winpcap.org/', 102, ''),
(821, 'LyX', 70, 'https://www.lyx.org/', 18, ''),
(822, 'WPS', 172, 'https://www.wps.com/', 48, ''),
(823, 'Genymotion', 235, 'https://www.genymotion.com/', 49, ''),
(824, 'Balsamiq', 113, 'https://balsamiq.com/', 49, ''),
(825, 'MinGW', 5, 'http://mingw.org/', 12, ''),
(826, 'HWiNFO', 139, 'https://www.hwinfo.com/', 48, ''),
(827, 'Speccy', 139, 'https://www.ccleaner.com/speccy', 48, ''),
(828, 'Unity', 223, 'https://unity.com/', 49, ''),
(829, 'Houdini', 223, 'https://www.sidefx.com/', 49, ''),
(830, 'RPG Maker', 223, 'https://www.rpgmakerweb.com', 49, ''),
(831, 'Reboot Restore Rx', 202, 'http://rebootrestore.com/', 49, ''),
(832, 'Synfig', 233, 'https://www.synfig.org/', 20, ''),
(833, 'ZBBR (Zoneamento Bioclimático do Brasil)', 117, 'https://labeee.ufsc.br/downloads/softwares/zbbr', 48, ''),
(834, 'Eberick', 236, 'https://altoqi.com.br/eberick/', 49, ''),
(835, 'Ftool', 236, 'https://www.ftool.com.br/Ftool/', 48, ''),
(836, 'OpenSCAD', 236, 'https://www.openscad.org/', 18, ''),
(837, 'P-Calc', 236, 'https://store.tqs.com.br/apps/p-calc/ejm1se496l', 48, ''),
(838, 'Oracle JDK', 127, 'https://www.java.com/pt-BR/', 48, ''),
(839, 'Kdenlive', 195, 'https://kdenlive.org/en/', 17, ''),
(840, 'Cisco Packet Tracer', 9, 'https://www.netacad.com/courses/packet-tracer', 48, ''),
(841, 'K-Lite Codec Pack', 161, 'https://www.codecguide.com/download_kl.htm', 48, ''),
(842, 'CapRover', 217, 'https://caprover.com/', 6, ''),
(843, 'Vue.js', 79, 'https://vuejs.org/', 31, ''),
(844, 'Vuetify', 79, 'https://vuetifyjs.com/en/', 31, ''),
(845, 'Apollo GraphQL', 28, 'https://www.apollographql.com/', 49, ''),
(846, 'Prisma', 37, 'https://github.com/prisma/prisma', 6, ''),
(847, 'BackupPC', 26, 'https://github.com/backuppc/backuppc', 20, ''),
(848, 'CakePHP', 79, 'https://cakephp.org/', 31, ''),
(849, 'Play Framework', 79, 'https://www.playframework.com/', 6, ''),
(850, 'Formscanner', 155, 'http://www.formscanner.org/', 20, ''),
(851, 'Gliffy', 61, 'https://www.gliffy.com/', 49, ''),
(852, 'Sentry', 139, 'https://sentry.io/welcome/', 49, ''),
(853, 'Gnuteca', 237, 'https://www.solis.com.br/gnuteca', 49, ''),
(854, 'SIGA-EPCT', 238, 'https://softwarepublico.gov.br/social/siga', 100, ''),
(855, 'Spyder', 113, 'https://github.com/spyder-ide/spyder', 31, ''),
(856, 'Dragon Bones', 233, 'https://dragonbones.github.io/en/download.html', 48, ''),
(857, 'MPLAB X IDE', 113, 'https://www.microchip.com/mplab/mplab-x-ide', 48, ''),
(858, 'Automation Studio', 236, 'http://www.automationstudio.com/', 49, ''),
(859, 'CX-One', 234, 'https://automation.omron.com/pt/br/products/family/cxone', 49, ''),
(860, 'Elipse Scada', 239, 'https://www.elipse.com.br/downloads/', 49, ''),
(861, 'Winplot', 82, 'https://winplot.softonic.com.br/?ex=BB-1549.1', 48, ''),
(862, 'SQLTools', 37, 'https://sourceforge.net/projects/sqlt/', 20, ''),
(863, 'PICSimLab', 222, 'https://sourceforge.net/projects/picsim/', 18, ''),
(864, 'SourceBoost', 127, 'http://www.sourceboost.com/', 48, ''),
(865, 'Oracle Database', 28, 'https://www.oracle.com/br/database/', 49, ''),
(866, 'Adobe Creative XD', 240, 'https://www.adobe.com/creativecloud.html?', 49, ''),
(867, 'Spriter', 233, 'https://github.com/Trixt0r/spriter', 6, ''),
(868, 'ApowerEdit', 195, 'https://www.apowersoft.com.br/video-editor', 48, ''),
(869, 'HitFilm Express', 195, 'https://www.malavida.com/br/soft/hitfilm-express/', 48, ''),
(870, 'CEDAR Logic', 222, 'https://sourceforge.net/projects/cedarlogic/', 8, ''),
(871, 'OpenCobolIDE', 113, 'https://pypi.org/project/OpenCobolIDE/', 20, ''),
(872, 'Haskell', 127, 'https://github.com/haskell/haskell-platform', 103, ''),
(873, 'Magicavoxel', 68, 'https://www.voxelmade.com/magicavoxel/', 48, ''),
(874, 'Qt', 79, 'https://www.qt.io/', 49, ''),
(875, 'Scala', 127, 'https://github.com/scala/scala', 6, ''),
(876, 'Scala IDE', 113, 'http://scala-ide.org/', 10, ''),
(877, 'Flowgorithm', 61, 'http://flowgorithm.org/', 48, ''),
(878, 'LTspice', 222, 'https://www.analog.com/en/design-center/design-tools-and-calculators/ltspice-simulator.html#', 48, ''),
(879, 'Umbrello', 138, 'https://umbrello.kde.org/', 18, ''),
(880, 'Vertrigo', 5, 'https://sourceforge.net/projects/vertrigo/', 12, ''),
(881, 'Fortes AC', 241, 'https://fortes-ac.updatestar.com/pt', 53, ''),
(882, 'PSIM', 222, 'https://powersimtech.com/products/psim/', 49, ''),
(883, 'Autocad', 236, 'https://www.autodesk.com/products', 49, ''),
(884, 'SoftMaker', 172, 'https://www.softmaker.com/pt/softmaker-office', 49, ''),
(885, 'Hiren’s BootCD PE', 199, 'https://www.hirensbootcd.org/', 48, ''),
(886, 'AnyDesk', 2, '', 48, ''),
(887, 'ToolWiz', 68, '', 48, ''),
(888, 'Poly', 130, 'https://github.com/Bodigrim/poly', 10, ''),
(889, 'Sweet Home 3D', 66, 'http://www.sweethome3d.com/pt/', 17, ''),
(890, 'CutePDF', 144, 'https://www.cutepdf.com/index.htm', 48, ''),
(891, 'Bitvise', 170, 'https://www.bitvise.com/', 48, ''),
(892, 'Avast', 13, 'https://www.avast.com/', 48, ''),
(893, 'Slack', 132, 'https://slack.com/intl/pt-br/', 49, ''),
(894, 'LAN Messenger', 132, 'http://lanmsngr.sourceforge.net/', 20, ''),
(895, 'Tuleap', 1, 'https://github.com/Enalean/tuleap', 18, ''),
(896, 'Gulp', 79, 'https://github.com/gulpjs/gulp', 31, ''),
(897, 'SNEP', 182, 'https://sourceforge.net/projects/snep/', 12, ''),
(898, 'SIM Next Intelbras', 139, 'https://smsolution.com.br/produto/software-de-monitoramento-de-cameras-sim-next-intelbras/', 48, ''),
(899, 'Ardublock', 5, 'https://sourceforge.net/projects/ardublock/', 20, ''),
(900, 'keepalive', 242, 'https://github.com/wikier/keepalive', 28, ''),
(901, 'Koha', 237, 'https://github.com/Koha-Community/Koha', 20, ''),
(902, 'Hudson', 120, 'https://github.com/hudson/hudson-2.x', 31, ''),
(903, 'Logserver', 21, 'https://github.com/Stratoscale/logserver', 6, ''),
(904, 'NAPS2', 189, 'https://sourceforge.net/projects/naps2/', 18, ''),
(905, 'Adobe Air', 5, 'https://get.adobe.com/br/air/', 48, ''),
(906, 'AntConc', 12, 'http://www.laurenceanthony.net/software/antconc/', 48, ''),
(907, 'AntFileConverter', 189, 'http://www.laurenceanthony.net/software/antfileconverter/', 48, ''),
(908, 'Appraisal Assistant', 243, 'https://www.sqi.griffith.edu.au/AppraisalAssistant/indexFrameset.html', 49, ''),
(909, 'BioEdit', 244, 'https://bioedit.software.informer.com/7.2/', 48, ''),
(910, 'BioEstat', 244, 'https://bioestat.software.informer.com/5.0/', 48, ''),
(911, 'COFE', 153, 'https://www.colan.org/process-modeling-environment/cofe/', 49, ''),
(912, 'Cosmotherm', 153, 'https://www.colan.org/process-modeling-component/cosmotherm/', 49, ''),
(913, 'DAMBE', 153, 'https://pt.freedownloadmanager.org/Windows-PC/DAMBE-GRATUITO.html', 48, ''),
(914, 'Doro PDF', 144, 'https://doro-pdf-writer.br.uptodown.com/windows', 48, ''),
(915, 'Evernote', 34, 'https://evernote.com/intl/pt-br/', 48, ''),
(916, 'Evin', 245, 'https://eventos.utfpr.edu.br/', 49, ''),
(917, 'Figma', 240, 'https://www.figma.com/', 49, ''),
(919, 'Gapminder Tools', 117, 'https://www.gapminder.org/tools/', 48, ''),
(920, 'GBOL', 244, 'http://arquivo.ufv.br/dbg/gbolhtm/gbol0.HTM', 49, ''),
(921, 'Github', 51, 'https://github.com/', 49, ''),
(922, 'GitKraken', 51, 'https://www.gitkraken.com/', 48, ''),
(923, 'gnuplot', 82, 'http://www.gnuplot.info/', 48, ''),
(924, 'Google Analytics', 7, 'https://analytics.google.com', 48, ''),
(925, 'Google Data Studio', 7, 'https://datastudio.google.com', 48, ''),
(926, 'Google Forms', 152, 'https://www.google.com/forms', 48, ''),
(927, 'GSuite', 172, 'https://workspace.google.com/', 49, ''),
(928, 'HEC-HMS', 236, 'https://www.hec.usace.army.mil/software/hec-hms/', 48, ''),
(929, 'HEC-RAS', 236, 'https://www.hec.usace.army.mil/software/hec-ras/', 48, ''),
(930, 'Hexonic ScanToPDF', 144, 'http://www.hexonic-software.com/index.php/hexonic-scantopdf', 48, ''),
(931, 'Hot Potatoes', 246, 'https://hot-potatoes.softonic.com.br/', 48, ''),
(932, 'Hubnet', 247, 'https://www.hubnet.io/', 49, ''),
(933, 'IBM Ported Tools', 248, 'https://www-01.ibm.com/common/ssi/printableversion.wss', 49, ''),
(934, 'iCloud', 217, 'https://www.icloud.com/', 49, ''),
(935, 'SPRING - Sistema de Processamento de Informações Georreferenciadas', 117, 'http://www.dpi.inpe.br/spring/portugues/index.html', 48, ''),
(936, 'IrFanView', 210, 'https://www.irfanview.com/', 48, ''),
(937, 'iTunes', 161, 'https://www.apple.com/br/itunes/', 48, ''),
(938, 'iVMS', 249, 'https://play.google.com/store/search?q=ivms', 48, ''),
(939, 'JBoss Data Virtualization', 32, 'https://access.redhat.com/products/red-hat-jboss-data-virtualization/', 49, ''),
(940, 'Junkware Removal Tool', 208, 'https://br.malwarebytes.com/junkwareremovaltool/', 100, ''),
(941, 'Kaspersky', 13, 'https://www.kaspersky.com.br/', 49, ''),
(942, 'LabVIEW', 236, 'https://www.ni.com/pt-br/shop/labview.html', 49, ''),
(943, 'Master PDF', 144, 'https://code-industry.net/masterpdfeditor/', 49, ''),
(944, 'Material Design', 240, 'https://material.io/design', 48, ''),
(945, 'Intel Math Kernel Library ', 130, 'https://www.nsc.liu.se/software/math-libraries/', 48, ''),
(946, 'Maya', 233, 'https://www.autodesk.com.br/products/maya/overview', 49, ''),
(947, 'MEGA', 244, 'https://www.megasoftware.net/', 48, ''),
(948, 'Microsoft R Open', 73, 'https://github.com/Microsoft/microsoft-r-open', 48, ''),
(949, 'Mendeley', 97, 'https://www.mendeley.com', 48, ''),
(950, 'Microsoft Office Starter', 172, 'https://br.ccm.net/download/baixaki-14525-microsoft-office-starter-2010', 100, ''),
(951, 'Nessus Essentials', 11, 'https://pt-br.tenable.com/products/nessus', 48, ''),
(952, 'NetLogo', 5, 'https://ccl.northwestern.edu/netlogo/', 48, ''),
(953, 'Opera Browser', 121, 'https://www.opera.com/pt-br', 48, ''),
(954, 'OrCAD Capture', 236, 'https://www.orcad.com/pt/products/orcad-capture/overview', 49, ''),
(955, 'OrCAD Spice', 236, 'https://www.orcad.com/products/orcad-pspice-designer/overview', 49, ''),
(956, 'PAUP', 244, 'http://paup.phylosolutions.com/', 49, ''),
(957, 'PDFTk', 144, 'https://github.com/MeteorPackaging/pdftk', 31, ''),
(958, 'Pergamum', 237, 'http://www.pergamum.pucpr.br/', 49, ''),
(959, 'Programa Gerador de Declaração - PGD', 211, 'http://receita.economia.gov.br/orientacao/tributaria/declaracoes-e-demonstrativos/derc-rendimentos-pagos-a-consultores-por-organismos-intern/programa-gerador-da-declaracao-pgd', 48, ''),
(960, 'Piwik', 7, 'https://piwik.com.br/', 49, ''),
(961, 'PyRx', 153, 'https://pyrx.sourceforge.io/', 48, ''),
(962, 'QlikView', 7, 'https://www.qlik.com/pt-br/products/qlikview', 49, ''),
(963, 'QtiPlot', 178, 'https://qtiplot.com/', 49, ''),
(964, 'Quartus II Web Edition', 236, 'https://fpgasoftware.intel.com/13.0sp1/?edition=web', 48, ''),
(965, 'REDCap', 152, 'https://www.project-redcap.org/', 48, ''),
(966, 'SAM (Spatial Analysis in Macroecology)', 73, 'https://www.ecoevol.ufg.br/sam/', 48, ''),
(967, 'Microsoft Security Essentials', 11, 'https://support.microsoft.com/en-us/windows/what-is-microsoft-security-essentials-c25ad47a-7d15-8072-1438-b07dffcbbb20', 48, ''),
(968, 'Serpro Drive', 17, 'https://www.loja.serpro.gov.br/serprodrive', 49, ''),
(969, 'SIMCAQ', 107, 'https://www.simcaq.c3sl.ufpr.br/about', 48, ''),
(970, 'Sketchup', 66, 'https://www.sketchup.com/pt-BR', 49, ''),
(971, 'SmartGIT', 38, 'https://www.syntevo.com/smartgit/', 48, ''),
(972, 'SmartSVN', 38, 'https://www.smartsvn.com/', 48, ''),
(973, 'SMath Studio', 130, 'https://en.smath.com/view/SMathStudio/summary', 48, ''),
(974, 'Spiceworks IT Tools for IT Pros', 239, 'https://community.spiceworks.com/tools', 48, ''),
(975, 'SplitsTree', 244, 'https://www.wsi.uni-tuebingen.de/lehrstuehle/algorithms-in-bioinformatics/software/splitstree/', 48, ''),
(976, 'Splunk', 239, 'https://www.splunk.com/', 49, ''),
(977, 'StarGenetics', 244, 'http://star.mit.edu/genetics/', 48, ''),
(978, 'Swiss-PdbViewer', 244, 'https://spdbv.vital-it.ch/', 48, ''),
(979, 'Norton Antivirus', 11, 'https://br.norton.com/products', 49, ''),
(980, 'TabWin', 73, 'http://www2.datasus.gov.br/DATASUS/index.php?area=060805', 48, ''),
(981, 'TNT Tree analysis using New Technology', 244, 'http://www.lillo.org.ar/phylogeny/tnt', 48, ''),
(982, 'TREE-PUZZLE', 244, 'http://www.tree-puzzle.de/', 48, ''),
(983, 'Trello', 96, 'https://trello.com/', 48, ''),
(984, 'trixbox CE', 182, 'https://sourceforge.net/projects/asteriskathome/', 18, ''),
(985, 'Typora', 69, 'https://typora.io/', 49, ''),
(986, 'UniPDF', 144, 'https://unipdf.com/pt/', 48, ''),
(987, 'USEPA Cape Open Class Library', 153, 'https://pt.freedownloadmanager.org/Windows-PC/USEPA-Cape-Open-Class-Library-with-WAR-Add-In-GRATUITO.html', 48, ''),
(988, 'Visio', 61, 'https://www.microsoft.com/pt-br/microsoft-365/visio/flowchart-software', 49, ''),
(989, 'Visual C++', 113, 'https://support.microsoft.com/pt-br/help/2977003/the-latest-supported-visual-c-downloads', 48, ''),
(990, 'Visual Paradigm', 137, 'https://www.visual-paradigm.com', 49, ''),
(991, 'VLibras', 1, 'https://softwarepublico.gov.br/social/suite-vlibras', 83, ''),
(992, 'VMware Hypervisor', 176, 'https://my.vmware.com/en/web/vmware/evalcenter?p=free-esxi7', 48, ''),
(993, 'Weeny Free Key Recovery', 26, 'https://pt.freedownloadmanager.org/Windows-PC/Weeny-Free-Key-Recovery-GRATUITO.html', 48, ''),
(994, 'WINPEPI', 73, 'http://www.brixtonhealth.com/pepi4windows.html', 48, ''),
(995, 'WinRAR', 41, 'https://www.win-rar.com/start.html?&L=0', 53, ''),
(996, 'WSO2 Data Services Server (WSO2 DSS)', 247, 'https://wso2.com/products/data-services-server/', 6, ''),
(997, 'WSO2 Enterprise Integrator (WSO2 EI)', 247, 'https://wso2.com/integration/', 49, ''),
(998, 'WSO2 Enterprise Service Bus', 247, 'https://wso2.com/products/enterprise-service-bus/', 49, ''),
(999, 'XMedia', 189, 'https://www.xmedia-recode.de/en/', 48, ''),
(1000, 'Xvid', 161, 'https://www.xvid.com/', 48, ''),
(1001, 'Zabaware', 251, 'https://www.zabaware.com/', 49, ''),
(1002, 'ZEN lite', 252, 'https://en.freedownloadmanager.org/Windows-PC/ZEN-lite-FREE.html', 48, ''),
(1003, 'Zip IT', 41, 'https://pt.freedownloadmanager.org/Windows-PC/Zip-IT.html', 53, ''),
(1004, 'Zoiper', 182, 'https://www.zoiper.com/', 49, ''),
(1005, 'SUSE Linux Enterprise Server', 167, 'https://www.suse.com/products/server/', 49, ''),
(1006, 'Logic Circuit', 222, 'https://www.logiccircuit.org/download.html', 48, ''),
(1007, 'TDPS – Estratégias de controle para processos industriais', 253, 'http://apcmode.com/?page_id=52', 48, ''),
(1008, 'Kubuntu', 167, 'https://kubuntu.org/', 17, ''),
(1009, 'Alpine Linux', 167, 'https://www.alpinelinux.org/', 17, ''),
(1010, 'Untangle', 167, 'https://www.untangle.com/untangle-ng-firewall/', 49, ''),
(1011, 'Aleph', 31, 'https://github.com/alephdata/aleph', 31, ''),
(1012, 'AnkhSVN', 38, 'https://github.com/AnkhSVN/AnkhSVN', 6, ''),
(1013, 'Assinador Livre - TJRJ', 19, 'https://portaltj.tjrj.jus.br/web/guest/processo-eletronico/apresentacao/assinador-livre', 48, ''),
(1014, 'Gnucash', 254, 'https://gnucash.org/', 17, ''),
(1015, 'LibreCAD', 236, 'https://librecad.org/', 18, ''),
(1016, 'PDFill PDF Tools', 144, 'https://pdfill-pdf-tools.en.lo4d.com/windows', 48, ''),
(1017, 'Amazon Linux', 167, 'https://aws.amazon.com/pt/mp/solutions/amazonlinux/', 49, ''),
(1018, 'Tiki Wiki', 186, 'https://info.tiki.org/', 28, ''),
(1019, 'Aloha', 153, 'https://www.epa.gov/cameo/aloha-software', 48, ''),
(1020, 'ANATEM', 255, 'http://www.cepel.br/pt_br/produtos/anatem-analise-de-transitorios-eletromecanicos.htm', 49, ''),
(1021, 'OpenFlow', 253, 'https://www.beicip.com/openflow-suite', 49, ''),
(1022, 'OpenWorks', 89, 'https://www.landmark.solutions/OpenWorks', 49, ''),
(1023, 'OpenCPN', 83, 'https://www.opencpn.org/', 49, ''),
(1024, 'OpenFOAM', 153, 'https://www.openfoam.com', 20, ''),
(1025, 'PolyMon', 9, 'https://archive.codeplex.com/?p=polymon', 48, ''),
(1026, 'OrcaFlex', 256, 'https://www.orcina.com/orcaflex/', 49, ''),
(1027, 'Apache Airflow', 257, 'https://airflow.apache.org/', 6, ''),
(1028, 'Apache Hive', 258, 'https://hive.apache.org/', 6, ''),
(1029, 'Apiman', 259, 'https://www.apiman.io/', 6, ''),
(1031, 'Browser Detect', 260, 'https://github.com/KennethanCeyer/browser-detect', 31, ''),
(1032, 'Consul Democracy', 143, 'https://github.com/consuldemocracy/consuldemocracy', 3, ''),
(1033, 'dbt', 32, 'https://github.com/dbt-labs/dbt-core', 6, ''),
(1034, 'Debezium', 171, 'https://github.com/debezium/debezium', 6, ''),
(1035, 'Delta Lake', 261, 'https://github.com/delta-io/delta', 6, ''),
(1036, 'Docker Scout', 48, 'https://github.com/docker/scout-cli', 104, ''),
(1038, 'e-Cidade', 262, 'https://softwarepublico.gov.br/social/e-cidade', 18, ''),
(1039, 'eFa', 169, 'https://efa-project.org', 17, ''),
(1040, 'laravel-snappy', 144, 'https://github.com/barryvdh/laravel-snappy', 31, ''),
(1041, 'Linphone', 182, 'https://gitlab.linphone.org/BC/public', 3, ''),
(1042, 'llama', 263, 'https://github.com/meta-llama/llama', 105, ''),
(1043, 'Lodash', 79, 'https://lodash.com/', 31, ''),
(1044, 'Mapas Culturais', 143, 'https://github.com/mapasculturais/mapasculturais', 3, ''),
(1045, 'MinIO', 16, 'https://github.com/minio/', 3, ''),
(1046, 'Mockito', 174, 'https://site.mockito.org/', 31, ''),
(1047, 'Nikto', 9, 'https://github.com/sullo/nikto', 18, ''),
(1048, 'Nuclei', 11, 'https://github.com/projectdiscovery/nuclei', 31, ''),
(1049, 'OBS Studio', 171, 'https://github.com/obsproject/obs-studio', 18, ''),
(1050, 'OpenMetadata', 264, 'https://github.com/open-metadata/OpenMetadata', 6, ''),
(1051, 'Oracle APEX', 265, 'https://github.com/oracle/apex', 106, ''),
(1052, 'Pi-hole', 266, 'https://github.com/pi-hole/pi-hole', 16, ''),
(1053, 'proxmox-backup', 26, 'https://github.com/proxmox/proxmox-backup', 81, ''),
(1054, 'proxmox-mailgateway', 64, 'https://git.proxmox.com/?p=proxmox-mailgateway.git;a=summary', 3, ''),
(1056, 'Trino', 28, 'https://github.com/trinodb/trino', 6, ''),
(1057, 'Trivy ', 11, 'https://github.com/aquasecurity/trivy', 6, ''),
(1058, 'TrueNAS', 16, 'https://github.com/truenas/middleware', 29, ''),
(1059, 'Wazuh', 267, 'https://github.com/wazuh/wazuh', 18, ''),
(1060, 'Wiki.js', 186, 'https://github.com/Requarks/wiki', 3, ''),
(1061, 'WPScan', 11, 'https://github.com/wpscanteam/wpscan/', 108, '');

-- --------------------------------------------------------

--
-- Estrutura para tabela `software_orgao`
--

CREATE TABLE `software_orgao` (
  `codigo_software` int(11) NOT NULL,
  `codigo_orgao` int(11) NOT NULL
) ENGINE=InnoDB DEFAULT CHARSET=utf8 COLLATE=utf8_unicode_ci;

--
-- Despejando dados para a tabela `software_orgao`
--

INSERT INTO `software_orgao` (`codigo_software`, `codigo_orgao`) VALUES
(1, 175),
(10, 179),
(11, 179),
(15, 171),
(15, 188),
(15, 191),
(17, 184),
(19, 188),
(19, 191),
(27, 191),
(28, 191),
(40, 188),
(52, 177),
(59, 191),
(79, 176),
(86, 171),
(86, 188),
(87, 188),
(90, 191),
(95, 184),
(95, 195),
(108, 179),
(111, 191),
(130, 171),
(131, 171),
(133, 186),
(133, 188),
(135, 176),
(135, 186),
(135, 188),
(135, 189),
(135, 192),
(135, 193),
(135, 195),
(138, 171),
(138, 178),
(143, 171),
(148, 184),
(149, 191),
(153, 179),
(179, 171),
(180, 191),
(188, 179),
(194, 191),
(201, 179),
(204, 173),
(204, 176),
(204, 178),
(204, 188),
(204, 191),
(204, 193),
(207, 189),
(207, 191),
(208, 171),
(208, 178),
(208, 188),
(208, 191),
(208, 192),
(218, 176),
(220, 176),
(222, 179),
(225, 191),
(233, 176),
(233, 184),
(233, 191),
(234, 176),
(234, 191),
(240, 178),
(240, 187),
(240, 188),
(240, 191),
(240, 192),
(244, 188),
(244, 195),
(248, 171),
(248, 178),
(248, 188),
(248, 191),
(249, 171),
(250, 179),
(266, 184),
(273, 175),
(273, 187),
(273, 191),
(274, 179),
(280, 188),
(280, 192),
(287, 179),
(288, 177),
(308, 171),
(308, 177),
(308, 178),
(314, 171),
(314, 175),
(314, 191),
(325, 193),
(329, 176),
(329, 178),
(329, 188),
(329, 192),
(335, 195),
(338, 178),
(341, 191),
(344, 179),
(344, 187),
(344, 191),
(345, 193),
(356, 187),
(358, 180),
(371, 171),
(384, 186),
(393, 184),
(415, 179),
(429, 176),
(457, 187),
(468, 171),
(468, 177),
(468, 178),
(468, 188),
(468, 191),
(468, 195),
(470, 171),
(470, 178),
(470, 188),
(470, 191),
(515, 184),
(523, 171),
(560, 193),
(561, 192),
(770, 195),
(811, 192),
(813, 179),
(843, 179),
(951, 171),
(991, 193),
(1027, 184),
(1029, 191),
(1031, 179),
(1032, 191),
(1033, 184),
(1034, 184),
(1035, 184),
(1036, 171),
(1038, 188),
(1039, 191),
(1040, 179),
(1041, 191),
(1042, 191),
(1043, 179),
(1044, 188),
(1045, 184),
(1046, 179),
(1047, 171),
(1048, 171),
(1049, 191),
(1050, 184),
(1051, 183),
(1052, 188),
(1053, 178),
(1054, 177),
(1056, 184),
(1057, 171),
(1058, 178),
(1059, 171),
(1059, 178),
(1060, 188),
(1060, 189);

-- --------------------------------------------------------

--
-- Estrutura para tabela `tipo_orgao`
--

CREATE TABLE `tipo_orgao` (
  `codigo` int(11) NOT NULL,
  `nome` varchar(80) CHARACTER SET utf8 COLLATE utf8_unicode_ci NOT NULL
) ENGINE=InnoDB DEFAULT CHARSET=latin1 COLLATE=latin1_swedish_ci;

--
-- Despejando dados para a tabela `tipo_orgao`
--

INSERT INTO `tipo_orgao` (`codigo`, `nome`) VALUES
(1, 'capital');

--
-- Índices para tabelas despejadas
--

--
-- Índices de tabela `categoria_software`
--
ALTER TABLE `categoria_software`
  ADD PRIMARY KEY (`codigo`);

--
-- Índices de tabela `licenca`
--
ALTER TABLE `licenca`
  ADD PRIMARY KEY (`codigo`);

--
-- Índices de tabela `orgao`
--
ALTER TABLE `orgao`
  ADD PRIMARY KEY (`codigo`),
  ADD UNIQUE KEY `nome` (`nome`);

--
-- Índices de tabela `protocolo`
--
ALTER TABLE `protocolo`
  ADD PRIMARY KEY (`codigo`);

--
-- Índices de tabela `protocolo_orgao`
--
ALTER TABLE `protocolo_orgao`
  ADD PRIMARY KEY (`codigo_protocolo`,`codigo_orgao`);

--
-- Índices de tabela `software`
--
ALTER TABLE `software`
  ADD PRIMARY KEY (`codigo`),
  ADD UNIQUE KEY `nome` (`nome`);

--
-- Índices de tabela `software_orgao`
--
ALTER TABLE `software_orgao`
  ADD PRIMARY KEY (`codigo_software`,`codigo_orgao`);

--
-- Índices de tabela `tipo_orgao`
--
ALTER TABLE `tipo_orgao`
  ADD PRIMARY KEY (`codigo`);

--
-- AUTO_INCREMENT para tabelas despejadas
--

--
-- AUTO_INCREMENT de tabela `categoria_software`
--
ALTER TABLE `categoria_software`
  MODIFY `codigo` int(11) NOT NULL AUTO_INCREMENT, AUTO_INCREMENT=268;

--
-- AUTO_INCREMENT de tabela `licenca`
--
ALTER TABLE `licenca`
  MODIFY `codigo` int(11) NOT NULL AUTO_INCREMENT, AUTO_INCREMENT=109;

--
-- AUTO_INCREMENT de tabela `orgao`
--
ALTER TABLE `orgao`
  MODIFY `codigo` int(11) NOT NULL AUTO_INCREMENT, AUTO_INCREMENT=196;

--
-- AUTO_INCREMENT de tabela `protocolo`
--
ALTER TABLE `protocolo`
  MODIFY `codigo` int(11) NOT NULL AUTO_INCREMENT, AUTO_INCREMENT=17;

--
-- AUTO_INCREMENT de tabela `software`
--
ALTER TABLE `software`
  MODIFY `codigo` int(11) NOT NULL AUTO_INCREMENT, AUTO_INCREMENT=1062;

--
-- AUTO_INCREMENT de tabela `tipo_orgao`
--
ALTER TABLE `tipo_orgao`
  MODIFY `codigo` int(11) NOT NULL AUTO_INCREMENT, AUTO_INCREMENT=2;
COMMIT;

/*!40101 SET CHARACTER_SET_CLIENT=@OLD_CHARACTER_SET_CLIENT */;
/*!40101 SET CHARACTER_SET_RESULTS=@OLD_CHARACTER_SET_RESULTS */;
/*!40101 SET COLLATION_CONNECTION=@OLD_COLLATION_CONNECTION */;
